DeviceObj,Circuit,Location,Debug,Three Phase
AHU-1,MWSB.1.PBA.1,,,X
AHU-4,MWSB.1.PBA.2,,,X
AHU-1,MWSB.1.PBA.3,,,X
AHU-4,MWSB.1.PBA.4,,,X
AHU-1,MWSB.1.PBA.5,,,X
AHU-4,MWSB.1.PBA.6,,,X
F-1,MWSB.1.PBA.7,,,X
AHU-6,MWSB.1.PBA.8,,,X
F-1,MWSB.1.PBA.9,,,X
AHU-6,MWSB.1.PBA.10,,,X
F-1,MWSB.1.PBA.11,,,X
AHU-6,MWSB.1.PBA.12,,,X
AHU-3,MWSB.1.PBA.13,,,X
F-2,MWSB.1.PBA.14,,,X
AHU-3,MWSB.1.PBA.15,,,X
F-2,MWSB.1.PBA.16,,,X
AHU-3,MWSB.1.PBA.17,,,X
F-2,MWSB.1.PBA.18,,,X
F-5,MWSB.1.PBA.19,,,X
F-4,MWSB.1.PBA.20,,,X
F-5,MWSB.1.PBA.21,,,X
F-4,MWSB.1.PBA.22,,,X
F-5,MWSB.1.PBA.23,,,X
F-4,MWSB.1.PBA.24,,,X
AHU-7,MWSB.1.PBA.25,,,X
AHU-7,MWSB.1.PBA.27,,,X
AHU-7,MWSB.1.PBA.29,,,X
ACCU-6,MWSB.4.M1.1,,,
ACCU-3,MWSB.4.M1.2,,,
ACCU-5,MWSB.4.M1.3,,,
ACCU-4,MWSB.4.M1.6,,,
Lights,MWSB.5.DHB.1.L42Csec1.2,4040,,
Lights,MWSB.5.DHB.1.L42Csec1.3,4041,,
Lights,MWSB.5.DHB.1.L42Csec1.3,4042,,
Lights,MWSB.5.DHB.1.L42Csec1.3,4047,,
Lights,MWSB.5.DHB.1.L42Csec1.3,4048,,
Lights,MWSB.5.DHB.1.L42Csec1.3,4051,,
Lights,MWSB.5.DHB.1.L42Csec1.4,4043,,
Lights,MWSB.5.DHB.1.L42Csec1.5,4049,,
Lights,MWSB.5.DHB.1.L42Csec1.6,4050,,
Lights,MWSB.5.DHB.1.L42Csec1.7,4052,,
Lights,MWSB.5.DHB.1.L42Csec1.9,4052A,,
Lights,MWSB.5.DHB.1.L42Csec1.9,4053,,
Lights,MWSB.5.DHB.1.L42Csec1.10,4058,,
Lights,MWSB.5.DHB.1.L42Csec1.11,4060,,
Lights,MWSB.5.DHB.1.L42Csec1.13,4046,,
Lights,MWSB.5.DHB.1.L42Csec1.13,4046A,,
Bathroom,MWSB.5.DHB.1.L42Csec1.14,4055,,
Bathroom,MWSB.5.DHB.1.L42Csec1.14,4056,,
Lights Corr,MWSB.5.DHB.1.L42Csec1.14,,,
Corridor night light,MWSB.5.DHB.1.L42Csec1.15,,,
Lights,MWSB.5.DHB.1.L42Csec1.20,3037,,
Lights,MWSB.5.DHB.1.L42Csec1.22,3037,,
Lights,MWSB.5.DHB.1.L42Csec1.23,3037,,
Lights,MWSB.5.DHB.1.L42Csec1.24,3037,,
Lights,MWSB.5.DHB.1.L42Csec2.25,3037,,
Lights,MWSB.5.DHB.1.L42Csec2.26,3037,,
Lights,MWSB.5.DHB.1.L42Csec2.27,3037,,
Fan F-48,MWSB.5.DHB.1.L42Csec2.29,,,X
Fan F-48,MWSB.5.DHB.1.L42Csec2.31,,,X
AHU-10,MWSB.5.DHB.1.L42Csec2.32,,,X
Fan F-48,MWSB.5.DHB.1.L42Csec2.33,,,X
AHU-10,MWSB.5.DHB.1.L42Csec2.34,,,X
AHU-10,MWSB.5.DHB.1.L42Csec2.36,,,X
Roof fan F-47b,MWSB.5.DHB.1.L42Csec2.44,Roof,,X
Roof fan F-47b,MWSB.5.DHB.1.L42Csec2.46,Roof,,X
Roof fan F-47b,MWSB.5.DHB.1.L42Csec2.48,Roof,,X
Hand Dryer,MWSB.5.DHB.1.L42Csec2.38.T2C.L2C.1,4047,,
Outlets,MWSB.5.DHB.1.L42Csec2.38.T2C.L2C.2,4040,,
Outlets,MWSB.5.DHB.1.L42Csec2.38.T2C.L2C.3,4040,,
Outlets,MWSB.5.DHB.1.L42Csec2.38.T2C.L2C.4,4040,,
Outlets,MWSB.5.DHB.1.L42Csec2.38.T2C.L2C.5,4043,,
Outlets,MWSB.5.DHB.1.L42Csec2.38.T2C.L2C.6,4043,,
Outlets,MWSB.5.DHB.1.L42Csec2.38.T2C.L2C.7,4043,,
Outlets,MWSB.5.DHB.1.L42Csec2.38.T2C.L2C.8,4041,,
Outlets,MWSB.5.DHB.1.L42Csec2.38.T2C.L2C.9,4041,,
Outlets,MWSB.5.DHB.1.L42Csec2.38.T2C.L2C.10,4059,,
Outlets corr,MWSB.5.DHB.1.L42Csec2.38.T2C.L2C.10,4045,,
Outlets,MWSB.5.DHB.1.L42Csec2.38.T2C.L2C.11,4042,,
Outlets,MWSB.5.DHB.1.L42Csec2.38.T2C.L2C.12,4049,,
Outlets,MWSB.5.DHB.1.L42Csec2.38.T2C.L2C.13,4049,,
Outlets,MWSB.5.DHB.1.L42Csec2.38.T2C.L2C.14,4049,,
Outlets,MWSB.5.DHB.1.L42Csec2.38.T2C.L2C.15,4047,,
Outlets,MWSB.5.DHB.1.L42Csec2.38.T2C.L2C.15,4048,,
Outlets,MWSB.5.DHB.1.L42Csec2.38.T2C.L2C.16,4051,,
Outlets,MWSB.5.DHB.1.L42Csec2.38.T2C.L2C.17,4050,,
Outlets,MWSB.5.DHB.1.L42Csec2.38.T2C.L2C.18,4050,,
Outlets,MWSB.5.DHB.1.L42Csec2.38.T2C.L2C.19,4050,,
Outlets,MWSB.5.DHB.1.L42Csec2.38.T2C.L2C.20,4052,,
Outlets,MWSB.5.DHB.1.L42Csec2.38.T2C.L2C.21,4052,,
Outlets,MWSB.5.DHB.1.L42Csec2.38.T2C.L2C.21,4052A,,
Outlets,MWSB.5.DHB.1.L42Csec2.38.T2C.L2C.22,4052,,
Outlets,MWSB.5.DHB.1.L42Csec2.38.T2C.L2C.23,4052A,,
Outlets,MWSB.5.DHB.1.L42Csec2.38.T2C.L2C.24,4052A,,
Outlets,MWSB.5.DHB.1.L42Csec2.38.T2C.L2C.25,4053,,
Outlets,MWSB.5.DHB.1.L42Csec2.38.T2C.L2C.26,4053,,
Outlets,MWSB.5.DHB.1.L42Csec2.38.T2C.L2C.27,4053,,
Outlets,MWSB.5.DHB.1.L42Csec2.38.T2C.L2C.28,4058,,
Outlets,MWSB.5.DHB.1.L42Csec2.38.T2C.L2C.29,4058,,
Outlets,MWSB.5.DHB.1.L42Csec2.38.T2C.L2C.30,4058,,
Outlets,MWSB.5.DHB.1.L42Csec2.38.T2C.L2C.31,4060,,
Outlets,MWSB.5.DHB.1.L42Csec2.38.T2C.L2C.32,4060,,
Outlets,MWSB.5.DHB.1.L42Csec2.38.T2C.L2C.33,4060,,
Roof fan F-64,MWSB.5.DHB.1.L42Csec2.38.T2C.L2C.35,,,
Roof fan F-65,MWSB.5.DHB.1.L42Csec2.38.T2C.L2C.35,,,
Roof fan F-39,MWSB.5.DHB.1.L42Csec2.38.T2C.L2C.37,,,
Roof fan F-39A,MWSB.5.DHB.1.L42Csec2.38.T2C.L2C.37,,,
AHU-8 Control Panel,MWSB.5.DHB.1.L42Csec2.38.T2C.L2C.37,,,
Electric Water Cooler corr,MWSB.5.DHB.1.L42Csec2.38.T2C.L2C.39,4045,,
Outlets,MWSB.5.DHB.2.T2BA.L2BAsec1.2,4022,,
Outlets,MWSB.5.DHB.2.T2BA.L2BAsec1.3,4022,,
Outlets,MWSB.5.DHB.2.T2BA.L2BAsec1.4,4023,,
Outlets,MWSB.5.DHB.2.T2BA.L2BAsec1.5,4025,,
Outlets,MWSB.5.DHB.2.T2BA.L2BAsec1.6,4026,,
Outlets,MWSB.5.DHB.2.T2BA.L2BAsec1.7,4027,,
Outlets,MWSB.5.DHB.2.T2BA.L2BAsec1.8,4028,,
Outlets,MWSB.5.DHB.2.T2BA.L2BAsec1.9,4029,,
Outlets,MWSB.5.DHB.2.T2BA.L2BAsec1.10,4029,,
telepole,MWSB.5.DHB.2.T2BA.L2BAsec1.11,4016,,
Uni Vent (UV) Room,MWSB.5.DHB.2.T2BA.L2BAsec1.14,377-01,,
UV,MWSB.5.DHB.2.T2BA.L2BAsec1.25,4003,,
UV,MWSB.5.DHB.2.T2BA.L2BAsec1.25,4004,,
UV,MWSB.5.DHB.2.T2BA.L2BAsec1.26,4002,,
UV,MWSB.5.DHB.2.T2BA.L2BAsec1.26,4032,,
UV,MWSB.5.DHB.2.T2BA.L2BAsec1.27,4033,,
UV,MWSB.5.DHB.2.T2BA.L2BAsec1.28,4035,,
UV,MWSB.5.DHB.2.T2BA.L2BAsec1.28,4036,,
UV,MWSB.5.DHB.2.T2BA.L2BAsec1.29,4039,,
UV,MWSB.5.DHB.2.T2BA.L2BAsec1.30,4032,,
Double Oven,MWSB.5.DHB.2.T2BA.L2BAsec2.31,4014,,
Outlets above rm 369,MWSB.5.DHB.2.T2BA.L2BAsec2.32,,,
Double Oven,MWSB.5.DHB.2.T2BA.L2BAsec2.33,4014,,
Dishwasher,MWSB.5.DHB.2.T2BA.L2BAsec2.34,4016,,
Outlets ,MWSB.5.DHB.2.T2BA.L2BAsec2.34,4022,,
Cooktop,MWSB.5.DHB.2.T2BA.L2BAsec2.35,4014,,
Cooktop,MWSB.5.DHB.2.T2BA.L2BAsec2.37,4014,,
Clothes Dryer,MWSB.5.DHB.2.T2BA.L2BAsec2.39,4014,,
Cooktop,MWSB.5.DHB.2.T2BA.L2BAsec2.40,4016,,
Clothes Dryer,MWSB.5.DHB.2.T2BA.L2BAsec2.41,4014,,
Cooktop,MWSB.5.DHB.2.T2BA.L2BAsec2.42,4016,,
Cooktop,MWSB.5.DHB.2.T2BA.L2BAsec2.43,4016,,
Wall Oven,MWSB.5.DHB.2.T2BA.L2BAsec2.44,4016,,
Cooktop,MWSB.5.DHB.2.T2BA.L2BAsec2.45,4016,,
Wall Oven,MWSB.5.DHB.2.T2BA.L2BAsec2.46,4016,,
Clothes Dryer,MWSB.5.DHB.2.T2BA.L2BAsec2.47,4016,,
Electric Range,MWSB.5.DHB.2.T2BA.L2BAsec2.48,4016,,
Clothes Dryer,MWSB.5.DHB.2.T2BA.L2BAsec2.49,4016,,
Electric Range,MWSB.5.DHB.2.T2BA.L2BAsec2.50,4016,,
Air Condenser,MWSB.5.DHB.2.T2BA.L2BAsec2.51,4016,,
Electric Range,MWSB.5.DHB.2.T2BA.L2BAsec2.52,4016,,
Air Condenser,MWSB.5.DHB.2.T2BA.L2BAsec2.53,4016,,
Electric Range,MWSB.5.DHB.2.T2BA.L2BAsec2.54,4016,,
Air Condenser,MWSB.5.DHB.2.T2BA.L2BAsec2.56,4033,,
Air Condenser,MWSB.5.DHB.2.T2BA.L2BAsec2.58,4033,,
Handicap door (South),MWSB.5.DHB.3.T1A.L1A.1,3007A,,
Outlets,MWSB.5.DHB.3.T1A.L1A.2,3110,,
Outlets,MWSB.5.DHB.3.T1A.L1A.2,3007,,
Outlets,MWSB.5.DHB.3.T1A.L1A.2,3008,,
Water Cooler,MWSB.5.DHB.3.T1A.L1A.2,3008A,,
Hand dryer,MWSB.5.DHB.3.T1A.L1A.3,3111,,
Outlets,MWSB.5.DHB.3.T1A.L1A.4,3112,,
Outlets,MWSB.5.DHB.3.T1A.L1A.5,3112,,
Outlets,MWSB.5.DHB.3.T1A.L1A.6,3112,,
Outlets,MWSB.5.DHB.3.T1A.L1A.7,3113,,
Outlets,MWSB.5.DHB.3.T1A.L1A.8,3113,,
Outlets,MWSB.5.DHB.3.T1A.L1A.9,3113,,
Outlets,MWSB.5.DHB.3.T1A.L1A.10,3114,,
Outlets,MWSB.5.DHB.3.T1A.L1A.11,3114,,
Outlets,MWSB.5.DHB.3.T1A.L1A.12,3114,,
UV,MWSB.5.DHB.3.T1A.L1A.13,3011,,
UV,MWSB.5.DHB.3.T1A.L1A.14,3008,,
UV,MWSB.5.DHB.3.T1A.L1A.14,3009,,
UV,MWSB.5.DHB.3.T1A.L1A.14,3010,,
UV,MWSB.5.DHB.3.T1A.L1A.15,3113,,
UV,MWSB.5.DHB.3.T1A.L1A.15,3114,,
UV,MWSB.5.DHB.3.T1A.L1A.15,3020,,
UV,MWSB.5.DHB.3.T1A.L1A.15,3025,,
UV,MWSB.5.DHB.3.T1A.L1A.16,3112,,
UV,MWSB.5.DHB.3.T1A.L1A.16,3024,,
Outlets,MWSB.5.DHB.3.T1A.L1A.17,3025,,
UV,MWSB.5.DHB.3.T1A.L1A.18,3009,,
CUH Corr,MWSB.5.DHB.3.T1A.L1A.18,3007,,
Door,MWSB.5.DHB.3.T1A.L1A.18,,,
Outlets,MWSB.5.DHB.3.T1A.L1A.19,3025,,
Double Oven,MWSB.5.DHB.3.T1A.L1A.21,3025,,
Double Oven,MWSB.5.DHB.3.T1A.L1A.23,3025,,
Outlets,MWSB.5.DHB.3.T1A.L1A.29,3008,,
Outlets,MWSB.5.DHB.3.T1A.L1A.29,3009,,
Outlets,MWSB.5.DHB.3.T1A.L1A.30,3008,,
Outlets,MWSB.5.DHB.3.T1A.L1A.30,3009,,
Handicap door (North),MWSB.5.DHB.4.T1DA.L1DA.1,,,
Outlets,MWSB.5.DHB.4.T1DA.L1DA.2,3115,,
Outlets,MWSB.5.DHB.4.T1DA.L1DA.3,3115,,
Outlets,MWSB.5.DHB.4.T1DA.L1DA.4,3115,,
Outlets,MWSB.5.DHB.4.T1DA.L1DA.5,3116,,
Outlets,MWSB.5.DHB.4.T1DA.L1DA.6,3116,,
Outlets,MWSB.5.DHB.4.T1DA.L1DA.7,3116,,
Outlets,MWSB.5.DHB.4.T1DA.L1DA.8,3117,,
Outlets,MWSB.5.DHB.4.T1DA.L1DA.9,3117,,
Outlets,MWSB.5.DHB.4.T1DA.L1DA.10,3117,,
Hand dryer,MWSB.5.DHB.4.T1DA.L1DA.11,3118,,
Corridor Outlets,MWSB.5.DHB.4.T1DA.L1DA.12,3110,,
Corridor Water cooler,MWSB.5.DHB.4.T1DA.L1DA.12,3110,,
UV,MWSB.5.DHB.4.T1DA.L1DA.13,3029,,
UV,MWSB.5.DHB.4.T1DA.L1DA.13,3030,,
UV,MWSB.5.DHB.4.T1DA.L1DA.14,3099,,
UV,MWSB.5.DHB.4.T1DA.L1DA.14,3100,,
UV,MWSB.5.DHB.4.T1DA.L1DA.14,3098,,
UV,MWSB.5.DHB.4.T1DA.L1DA.15,3101B,,
UV,MWSB.5.DHB.4.T1DA.L1DA.16,3101,,
UV,MWSB.5.DHB.4.T1DA.L1DA.17,3117,,
CUH corr,MWSB.5.DHB.4.T1DA.L1DA.17,,,
UV,MWSB.5.DHB.4.T1DA.L1DA.18,3115,,
UV,MWSB.5.DHB.4.T1DA.L1DA.18,3116,,
UV,MWSB.5.DHB.4.T1DA.L1DA.18,3123,,
Washer,MWSB.5.DHB.5.T2A.L2A.1,4016,,
Outlets,MWSB.5.DHB.5.T2A.L2A.2,4008,,
Outlets,MWSB.5.DHB.5.T2A.L2A.3,4008,,
Outlets,MWSB.5.DHB.5.T2A.L2A.4,4008,,
Outlets,MWSB.5.DHB.5.T2A.L2A.5,4007,,
Outlets,MWSB.5.DHB.5.T2A.L2A.6,4007,,
Outlets,MWSB.5.DHB.5.T2A.L2A.7,4007,,
Outlets,MWSB.5.DHB.5.T2A.L2A.8,4006,,
Outlets,MWSB.5.DHB.5.T2A.L2A.9,4006,,
Outlets,MWSB.5.DHB.5.T2A.L2A.10,4006,,
Outlets,MWSB.5.DHB.5.T2A.L2A.11,4005,,
Outlets,MWSB.5.DHB.5.T2A.L2A.12,4005,,
Outlets,MWSB.5.DHB.5.T2A.L2A.13,4005,,
Outlets,MWSB.5.DHB.5.T2A.L2A.14,4016,,
Outlets,MWSB.5.DHB.5.T2A.L2A.15,4016,,
Outlets,MWSB.5.DHB.5.T2A.L2A.16,4016,,
Outlets,MWSB.5.DHB.5.T2A.L2A.17,4014,,
Bathroom,MWSB.5.DHB.5.T2A.L2A.17,4015,,
Bathroom,MWSB.5.DHB.5.T2A.L2A.17,4015A,,
Outlets,MWSB.5.DHB.5.T2A.L2A.18,4013,,
Outlets,MWSB.5.DHB.5.T2A.L2A.18,4014,,
Outlets,MWSB.5.DHB.5.T2A.L2A.19,4014,,
Outlets,MWSB.5.DHB.5.T2A.L2A.21,4013,,
Outlets,MWSB.5.DHB.5.T2A.L2A.21,4014,,
Outlets,MWSB.5.DHB.5.T2A.L2A.22,4012,,
Outlets,MWSB.5.DHB.5.T2A.L2A.23,4011,,
Hand dryer,MWSB.5.DHB.5.T2A.L2A.24,4010,,
Outlets,MWSB.5.DHB.5.T2A.L2A.25,4009,,
UV,MWSB.5.DHB.5.T2A.L2A.26,4090,,
UV,MWSB.5.DHB.5.T2A.L2A.27,4074,,
UV,MWSB.5.DHB.5.T2A.L2A.28,4007,,
UV,MWSB.5.DHB.5.T2A.L2A.28,4008,,
UV,MWSB.5.DHB.5.T2A.L2A.29,4005,,
UV,MWSB.5.DHB.5.T2A.L2A.29,4006,,
UV,MWSB.5.DHB.5.T2A.L2A.29,4004,,
UV,MWSB.5.DHB.5.T2A.L2A.30,4014,,
UV,MWSB.5.DHB.5.T2A.L2A.30,4016,,
Hand dryer,MWSB.5.DHB.5.T2A.L2A.31,4015,,
Washer,MWSB.5.DHB.5.T2A.L2A.32,4014,,
Hand dryer,MWSB.5.DHB.5.T2A.L2A.33,4015A,,
Gas range,MWSB.5.DHB.5.T2A.L2A.34,4016,,
Dishwasher,MWSB.5.DHB.5.T2A.L2A.35,4014,,
Exhaust hood,MWSB.5.DHB.5.T2A.L2A.37,4014,,
Disposal,MWSB.5.DHB.5.T2A.L2A.41,4016,,
Outlets,MWSB.5.DHB.6.T2DA.L2DA.2,4020,,
Outlets,MWSB.5.DHB.6.T2DA.L2DA.3,4020,,
Outlets,MWSB.5.DHB.6.T2DA.L2DA.4,4020,,
Outlets,MWSB.5.DHB.6.T2DA.L2DA.5,4021,,
Outlets,MWSB.5.DHB.6.T2DA.L2DA.6,4021,,
Outlets,MWSB.5.DHB.6.T2DA.L2DA.7,4021A,,
Outlets,MWSB.5.DHB.6.T2DA.L2DA.8,4021A,,
Outlets,MWSB.5.DHB.6.T2DA.L2DA.9,4068,,
Outlets,MWSB.5.DHB.6.T2DA.L2DA.10,4068,,
Outlets,MWSB.5.DHB.6.T2DA.L2DA.11,4068,,
Lights vestibule,MWSB.5.DHB.6.T2DA.L2DA.12,4018,,
Lights Library (wall),MWSB.5.DHB.6.T2DA.L2DA.14,3037A,,
Lights Library (wall),MWSB.5.DHB.6.T2DA.L2DA.15,3037A,,
Outlets,MWSB.5.DHB.6.T2DA.L2DA.16,4064,,
Outlets,MWSB.5.DHB.6.T2DA.L2DA.17,4064,,
Outlets,MWSB.5.DHB.6.T2DA.L2DA.18,4064,,
Outlets,MWSB.5.DHB.6.T2DA.L2DA.19,4063,,
Outlets,MWSB.5.DHB.6.T2DA.L2DA.20,4063,,
Outlets,MWSB.5.DHB.6.T2DA.L2DA.21,4063,,
Outlets,MWSB.5.DHB.6.T2DA.L2DA.22,4062,,
Outlets,MWSB.5.DHB.6.T2DA.L2DA.23,4062,,
Outlets,MWSB.5.DHB.6.T2DA.L2DA.24,4062,,
Outlets,MWSB.5.DHB.6.T2DA.L2DA.25,4061,,
Outlets,MWSB.5.DHB.6.T2DA.L2DA.26,4061,,
Outlets,MWSB.5.DHB.6.T2DA.L2DA.27,4061,,
UV,MWSB.5.DHB.6.T2DA.L2DA.28,4082,,
UV,MWSB.5.DHB.6.T2DA.L2DA.28,4083,,
UV,MWSB.5.DHB.6.T2DA.L2DA.29,4063,,
UV,MWSB.5.DHB.6.T2DA.L2DA.29,4064,,
UV,MWSB.5.DHB.6.T2DA.L2DA.30,4089,,
UV,MWSB.5.DHB.6.T2DA.L2DA.31,4060,,
UV,MWSB.5.DHB.6.T2DA.L2DA.31,4061,,
UV,MWSB.5.DHB.6.T2DA.L2DA.31,4062,,
UV,MWSB.5.DHB.6.T2DA.L2DA.32,4020,,
UV,MWSB.5.DHB.6.T2DA.L2DA.32,4021,,
UV,MWSB.5.DHB.6.T2DA.L2DA.33,4021A,,
AC Unit,MWSB.5.DHB.6.T2DA.L2DA.37,4020,,
Condenser (Rooftop),MWSB.5.DHB.6.T2DA.L2DA.38,3101,,
Outlets AC Unit,MWSB.5.DHB.6.T2DA.L2DA.39,4020,,
Condenser (Rooftop),MWSB.5.DHB.6.T2DA.L2DA.40,3101,,
AC Unit,MWSB.5.DHB.6.T2DA.L2DA.41,4020,,
Condenser (Rooftop),MWSB.5.DHB.6.T2DA.L2DA.42,3101,,
Outlets,MWSB.5.DHB.9.T2CA.L2CA.2,4059,,
Outlets corr,MWSB.5.DHB.9.T2CA.L2CA.2,4019,,
Outlets Water cooler,MWSB.5.DHB.9.T2CA.L2CA.2,4019,,
Hand Dryer,MWSB.5.DHB.9.T2CA.L2CA.3,4057,,
Outlets,MWSB.5.DHB.9.T2CA.L2CA.4,4055,,
Outlets,MWSB.5.DHB.9.T2CA.L2CA.4,4056,,
Outlets,MWSB.5.DHB.9.T2CA.L2CA.4,4059A,,
Outlets,MWSB.5.DHB.9.T2CA.L2CA.5,4045,,
Outlets,MWSB.5.DHB.9.T2CA.L2CA.5,4046A,,
AHU-10 controls,MWSB.5.DHB.9.T2CA.L2CA.5,,,
Outlets,MWSB.5.DHB.9.T2CA.L2CA.6,4046,,
Outlets,MWSB.5.DHB.9.T2CA.L2CA.7,4046,,
Outlets,MWSB.5.DHB.9.T2CA.L2CA.8,4046,,
Outlets,MWSB.5.DHB.9.T2CA.L2CA.9,4046,,
Outlets,MWSB.5.DHB.9.T2CA.L2CA.10,4046,,
Outlets,MWSB.5.DHB.9.T2CA.L2CA.11,4046,,
Outlets,MWSB.5.DHB.9.T2CA.L2CA.12,4046,,
Outlets,MWSB.5.DHB.9.T2CA.L2CA.13,4046,,
Contactor Controls,MWSB.5.DHB.9.T2CA.L2CA.13,,,
Destratification Fans Library,MWSB.5.DHB.9.T2CA.L2CA.14,3037,,
Hand dryer,MWSB.5.DHB.9.T2CA.L2CA.15,4056,,
Destratification Fans Library,MWSB.5.DHB.9.T2CA.L2CA.16,3037,,
Hand dryer,MWSB.5.DHB.9.T2CA.L2CA.17,4055,,
Air conditioning unit,MWSB.5.DHB.9.T2CA.L2CA.18,4041,,
Air conditioning unit,MWSB.5.DHB.9.T2CA.L2CA.20,4041,,
Outlets copier,MWSB.5.DHB.9.T2CA.L2CA.23,4042,,
UV,MWSB.5.DHB.9.T2CA.L2CA.28,4040,,
UV,MWSB.5.DHB.9.T2CA.L2CA.28,4043,,
UV,MWSB.5.DHB.9.T2CA.L2CA.29,4049,,
UV,MWSB.5.DHB.9.T2CA.L2CA.29,4050,,
UV,MWSB.5.DHB.9.T2CA.L2CA.30,4052,,
UV,MWSB.5.DHB.9.T2CA.L2CA.30,4052A,,
UV,MWSB.5.DHB.9.T2CA.L2CA.31,4053,,
UV,MWSB.5.DHB.9.T2CA.L2CA.31,4058,,
spare at UV,MWSB.5.DHB.9.T2CA.L2CA.32,4058,,
Outlets,MWSB.5.DHB.10.T1BA.L1BA.2,3060,,
Outlets,MWSB.5.DHB.10.T1BA.L1BA.2,3056,,
Outlets,MWSB.5.DHB.10.T1BA.L1BA.3,3056,,
Outlets,MWSB.5.DHB.10.T1BA.L1BA.4,3058,,
Outlets,MWSB.5.DHB.10.T1BA.L1BA.5,3065,,
Outlets,MWSB.5.DHB.10.T1BA.L1BA.6,3064,,
Hand Dryer,MWSB.5.DHB.10.T1BA.L1BA.7,3017,,
Hand Dryer,MWSB.5.DHB.10.T1BA.L1BA.8,3044,,
Hand Dryer,MWSB.5.DHB.10.T1BA.L1BA.9,3045,,
Outlets,MWSB.5.DHB.10.T1BA.L1BA.10,3037,,
Outlets,MWSB.5.DHB.10.T1BA.L1BA.10,3130,,
Outlets,MWSB.5.DHB.10.T1BA.L1BA.11,3042,,
Outlets,MWSB.5.DHB.10.T1BA.L1BA.12,3042,,
Outlets,MWSB.5.DHB.10.T1BA.L1BA.13,3037,,
Outlets,MWSB.5.DHB.10.T1BA.L1BA.14,3040,,
Outlets,MWSB.5.DHB.10.T1BA.L1BA.15,3040,,
Outlets,MWSB.5.DHB.10.T1BA.L1BA.15,3039,,
Outlets,MWSB.5.DHB.10.T1BA.L1BA.16,3038,,
Outlets,MWSB.5.DHB.10.T1BA.L1BA.16,3039,,
Library book security system,MWSB.5.DHB.10.T1BA.L1BA.17,3037,,
Outlets,MWSB.5.DHB.10.T1BA.L1BA.18,3037,,
Outlets,MWSB.5.DHB.10.T1BA.L1BA.18,3038,,
Door opener Library,MWSB.5.DHB.10.T1BA.L1BA.18,3037,,
Copy machine Library,MWSB.5.DHB.10.T1BA.L1BA.18,3037,,
Outlets,MWSB.5.DHB.10.T1BA.L1BA.19,3037,,
Outlets,MWSB.5.DHB.10.T1BA.L1BA.20,3037,,
Outlets,MWSB.5.DHB.10.T1BA.L1BA.21,3037,,
UV,MWSB.5.DHB.10.T1BA.L1BA.22,3014,,
UV,MWSB.5.DHB.10.T1BA.L1BA.23,3013,,
Outlets corr,MWSB.5.DHB.10.T1BA.L1BA.24,3047,,
Copy Machine,MWSB.5.DHB.10.T1BA.L1BA.25,,,
C Building existing cargo ELEVATOR,MWSB.6.DE.4,,,
ELEVATOR NEW LOBBY,MWSB.6.DE.7,,,
Lights Library,MWSB.6.DE.1.LE3.2,3037,,
Lights Library,MWSB.6.DE.1.LE3.3,3037,,
Lights,MWSB.6.DE.1.LE3.4,4084,,
Lights,MWSB.6.DE.1.LE3.4,4065,,
Lights,MWSB.6.DE.1.LE3.4,4083A,,
Lights corr,MWSB.6.DE.1.LE3.5,4017,,
Lights corr,MWSB.6.DE.1.LE3.5,4019,,
Lights corr,MWSB.6.DE.1.LE3.5,4030,,
Lights corr,MWSB.6.DE.1.LE3.5,4031,,
Lights corr,MWSB.6.DE.1.LE3.5,4045,,
Lights corr,MWSB.6.DE.1.LE3.5,4054,,
Lights corr,MWSB.6.DE.1.LE3.5,4059,,
Exit Signs Entrance / Closing (E/C) 4th Floor,MWSB.6.DE.1.LE3.6,,,
Lights Bath,MWSB.6.DE.1.LE3.7,4057,,
Lights corr,MWSB.6.DE.1.LE3.8,4067,,
Lights corr,MWSB.6.DE.1.LE3.8,4068,,
Lights corr,MWSB.6.DE.1.LE3.8,4069,,
Lights corr,MWSB.6.DE.1.LE3A.1,4072A,,
Lights,MWSB.6.DE.1.LE3A.2,4028,,
Lights,MWSB.6.DE.1.LE3A.2,4029,,
Lights corr,MWSB.6.DE.1.LE3A.3,4071,,
Lights,MWSB.6.DE.1.LE3A.3,4009,,
Lights,MWSB.6.DE.1.LE3A.4,4073,,
Lights,MWSB.6.DE.1.LE3A.4,4010,,
Lights,MWSB.6.DE.1.LE3A.4,4074A,,
Exit Signs Door Closing (D/C) 4th Floor,MWSB.6.DE.1.LE3A.8,,,
Exit Signs Door Entrance (D/E) 4th Floor,MWSB.6.DE.1.LE3A.10,,,
Lights Clinic,MWSB.6.DE.2.LE2.1,3075,,
Lights Clinic,MWSB.6.DE.2.LE2.1,3077,,
Lights Clinic,MWSB.6.DE.2.LE2.1,3086,,
Lights Clinic,MWSB.6.DE.2.LE2.1,3085,,
Lights Clinic,MWSB.6.DE.2.LE2.1,3083,,
Lights Clinic,MWSB.6.DE.2.LE2.1,3084,,
Lights Clinic,MWSB.6.DE.2.LE2.1,3081,,
Lights corr,MWSB.6.DE.2.LE2.2,3026,,
Lights corr,MWSB.6.DE.2.LE2.2,3028,,
Lights corr,MWSB.6.DE.2.LE2.2,3046,,
Lights corr,MWSB.6.DE.2.LE2.2,3047,,
Lights corr,MWSB.6.DE.2.LE2.2,3091,,
Lights corr,MWSB.6.DE.2.LE2.2,3097,,
Lights stairs C3,MWSB.6.DE.2.LE2.3,,,
Lights stairs E1,MWSB.6.DE.2.LE2.4,,,
Lights stairs E2,MWSB.6.DE.2.LE2.4,,,
Lights,MWSB.6.DE.2.LE2.5,3106,,
Lights,MWSB.6.DE.2.LE2.5,3118,,
Lights,MWSB.6.DE.2.LE2.5,3117A,,
Exit Signs E/C Third Floor,MWSB.6.DE.2.LE2.6,,,
Lights Bathroom,MWSB.6.DE.2.LE2.7,3095,,
Lights corr,MWSB.6.DE.2.LE2.8,3107,,
Lights corr,MWSB.6.DE.2.LE2.8,3108,,
Lights corr,MWSB.6.DE.2.LE2.8,3129,,
Lights corr,MWSB.6.DE.2.LE2A.2,3110,,
Lights corr,MWSB.6.DE.2.LE2A.2,3109,,
Lights corr,MWSB.6.DE.2.LE2A.2,3106,,
Lights corr,MWSB.6.DE.2.LE2A.2,3016,,
Lights,MWSB.6.DE.2.LE2A.3,3111,,
Lights,MWSB.6.DE.2.LE2A.3,3017,,
Lights,MWSB.6.DE.2.LE2A.4,3043,,
Lights stairs D1,MWSB.6.DE.2.LE2A.5,,,
Lights stairs D2,MWSB.6.DE.2.LE2A.5,,,
Lights stairs C2,MWSB.6.DE.2.LE2A.6,,,
Fire Alarm/TFA,MWSB.6.DE.2.LE2A.7,,,
Intercom,MWSB.6.DE.2.LE2A.7,,,
Exit signs D/C Third Floor,MWSB.6.DE.2.LE2A.8,,,
Fire Alarm/TFA,MWSB.6.DE.2.LE2A.9,,,
Intercom,MWSB.6.DE.2.LE2A.9,,,
Exit Signs D/E Third Floor,MWSB.6.DE.2.LE2A.10,,,
Lights,MWSB.6.DE.3.LE1A.1,1068,,
Lights,MWSB.6.DE.3.LE1A.1,1069,,
Lights,MWSB.6.DE.3.LE1A.1,1069A,,
Lights,MWSB.6.DE.3.LE1A.1,1070,,
Lights Ramp,MWSB.6.DE.3.LE1A.1,,,
Lights Mezzanine,MWSB.6.DE.3.LE1A.2,2018,,
Lights Cafeteria,MWSB.6.DE.3.LE1A.3,1088,,
Lights exterior egress,MWSB.6.DE.3.LE1A.4,,,
Timeclock,MWSB.6.DE.3.LE1A.4,,,
Lights,MWSB.6.DE.3.LE1A.5,1056,,
Lights,MWSB.6.DE.3.LE1A.5,1066,,
Lights,MWSB.6.DE.3.LE1A.5,1066A,,
Lights,MWSB.6.DE.3.LE1A.5,1085,,
Lights,MWSB.6.DE.3.LE1A.5,1086,,
Lights,MWSB.6.DE.3.LE1A.5,1087,,
Exit Signs,MWSB.6.DE.3.LE1A.7,,,
Cafeteria Sound Amplifier,MWSB.6.DE.3.LE1A.8,1088,,
Cafeteria Sound Amplifier,MWSB.6.DE.3.LE1A.10,1088,,
Cafeteria Sound Amplifier,MWSB.6.DE.3.LE1A.12,1088,,
Collins Center Roof Hatches 3A-3B,MWSB.6.DE.5.TODE.ODE.1,,,
Collins Center Roof Hatches 2A-2B,MWSB.6.DE.5.TODE.ODE.3,,,
Collins Center Roof Hatches 5A-5B,MWSB.6.DE.5.TODE.ODE.4,,,
Collins Center Roof Hatches 1A-1B,MWSB.6.DE.5.TODE.ODE.5,,,
Collins Center Roof Hatches 4A-4B,MWSB.6.DE.5.TODE.ODE.6,,,
TV Office,MWSB.6.DE.5.TODE.ODE.8,1097B,,
TV Office,MWSB.6.DE.5.TODE.ODE.10,145,,
Access C03-01 Coateolin (???),MWSB.6.DE.5.TODE.ODE.12,,,
Collins panel HSELA Emergency Lights (3P),MWSB.6.DE.5.TODE.ODE.13,,X,
Lobby evacuation fresh air fan,MWSB.6.DE.5.TODE.ODE.14,,X,
Collins panel HSELA Emergency Lights (3P),MWSB.6.DE.5.TODE.ODE.15,,X,
Lobby evacuation fresh air fan,MWSB.6.DE.5.TODE.ODE.16,,X,
Collins panel HSELA Emergency Lights (3P),MWSB.6.DE.5.TODE.ODE.17,,X,
Lobby evacuation fresh air fan,MWSB.6.DE.5.TODE.ODE.18,,X,
Controls for HSELA,MWSB.6.DE.5.TODE.ODE.18,,,
Collins Center Roof Hatches 6A-6B,MWSB.6.DE.5.TODE.ODE.18,,,
Comp (??),MWSB.6.DE.6.PKE.1,,,
Comp (??),MWSB.6.DE.6.PKE.2,,,
Comp (??),MWSB.6.DE.6.PKE.3,,,
Comp (??),MWSB.6.DE.6.PKE.4,,,
Comp (??),MWSB.6.DE.6.PKE.5,,,
Comp (??),MWSB.6.DE.6.PKE.6,,,
Comp (??),MWSB.6.DE.6.PKE.7,,,
Lights Freezer,MWSB.6.DE.6.PKE.8,,,
Comp (??),MWSB.6.DE.6.PKE.9,,,
GFI (??),MWSB.6.DE.6.PKE.10,,,
Comp (??),MWSB.6.DE.6.PKE.11,,,
Refrigerator Deli Line,MWSB.6.DE.6.PKE.12,,,
Comp (??),MWSB.6.DE.6.PKE.13,,,
Refrigerator Deli Line,MWSB.6.DE.6.PKE.14,,,
Lights boys' showers,MWSB.6.DE.8.PMEsec1.1,1027,,
Exit Signs,MWSB.6.DE.8.PMEsec1.2,,,
Lights Stairs B-1,MWSB.6.DE.8.PMEsec1.3,,,
Exit Signs,MWSB.6.DE.8.PMEsec1.3,,,
Lights girls' showers,MWSB.6.DE.8.PMEsec1.4,1025,,
Lights corr,MWSB.6.DE.8.PMEsec1.5,1006,,
Lights Stairs B-8,MWSB.6.DE.8.PMEsec1.6,,,
Lights Stairs B-9,MWSB.6.DE.8.PMEsec1.6,,,
Lights Stairs B-10,MWSB.6.DE.8.PMEsec1.6,,,
Lights Stairs B-11,MWSB.6.DE.8.PMEsec1.6,,,
Lights corr,MWSB.6.DE.8.PMEsec1.7,1040,,
Lights corr,MWSB.6.DE.8.PMEsec1.8,1004,,
Lights Lobby,MWSB.6.DE.8.PMEsec1.8,1051,,
Lights,MWSB.6.DE.8.PMEsec1.9,1045,,
Lights,MWSB.6.DE.8.PMEsec1.9,1046,,
Lights stairs,MWSB.6.DE.8.PMEsec1.9,,,
Exit Signs,MWSB.6.DE.8.PMEsec1.10,,,
Boiler 1,MWSB.6.DE.8.PMEsec1.11,,,X
Boiler 2,MWSB.6.DE.8.PMEsec1.12,,,X
Boiler 1,MWSB.6.DE.8.PMEsec1.13,,,X
Boiler 2,MWSB.6.DE.8.PMEsec1.14,,,X
Boiler 1,MWSB.6.DE.8.PMEsec1.15,,,X
Boiler 2,MWSB.6.DE.8.PMEsec1.16,,,X
Boiler 3,MWSB.6.DE.8.PMEsec1.18,,,X
Boiler 3,MWSB.6.DE.8.PMEsec1.20,,,X
Boiler 3,MWSB.6.DE.8.PMEsec1.22,,,X
Jockey Pump +ACM-1,MWSB.6.DE.8.PMEsec1.23,,,X
P-2,MWSB.6.DE.8.PMEsec1.24,,,X
Jockey Pump +ACM-1,MWSB.6.DE.8.PMEsec1.25,,,X
P-2,MWSB.6.DE.8.PMEsec1.26,,,X
Jockey Pump +ACM-1,MWSB.6.DE.8.PMEsec1.27,,,X
P-2,MWSB.6.DE.8.PMEsec1.28,,,X
P-1,MWSB.6.DE.8.PMEsec1.29,,,X
P-3,MWSB.6.DE.8.PMEsec1.30,,,X
P-1,MWSB.6.DE.8.PMEsec1.31,,,X
P-3,MWSB.6.DE.8.PMEsec1.32,,,X
P-1,MWSB.6.DE.8.PMEsec1.33,,,X
P-3,MWSB.6.DE.8.PMEsec1.34,,,X
Jockey Pump Control Circuit,MWSB.6.DE.8.PMEsec1.35,,,
Jockey Pump +ACM-2,MWSB.6.DE.8.PMEsec1.37,,,X
Jockey Pump +ACM-2,MWSB.6.DE.8.PMEsec1.39,,,X
Jockey Pump +ACM-2,MWSB.6.DE.8.PMEsec1.41,,,X
Lights Lobby High Bay,MWSB.6.DE.8.PMEsec2.43,2016,,
Lights,MWSB.6.DE.8.PMEsec2.44,2006,,
Lights,MWSB.6.DE.8.PMEsec2.44,2008,,
Lights,MWSB.6.DE.8.PMEsec2.44,2011,,
Lights Lobby Level 2,MWSB.6.DE.8.PMEsec2.45,2016,,
Lights corr,MWSB.6.DE.8.PMEsec2.46,2015,,
Lights Lobby Stairs B-1,MWSB.6.DE.8.PMEsec2.47,2016,,
Alcoves,MWSB.6.DE.8.PMEsec2.47,2014,,
Lights corr,MWSB.6.DE.8.PMEsec2.48,2004,,
Lights corr,MWSB.6.DE.8.PMEsec2.48,2005,,
Lights Elev Lobby,MWSB.6.DE.8.PMEsec2.49,4001,,
AHU-13,MWSB.6.DE.8.PMEsec2.50,,,X
Lights mechanical Penthouses,MWSB.6.DE.8.PMEsec2.51,,,
AHU-13,MWSB.6.DE.8.PMEsec2.52,,,X
AHU-13,MWSB.6.DE.8.PMEsec2.54,,,X
Fuel Oil Pump P-4,MWSB.6.DE.8.PMEsec2.55,,,X
Fuel Oil Pump P-5,MWSB.6.DE.8.PMEsec2.55,,,X
Water Heater (H2O),MWSB.6.DE.8.PMEsec2.56,,,X
Fuel Oil Pump P-4,MWSB.6.DE.8.PMEsec2.57,,,X
Fuel Oil Pump P-5,MWSB.6.DE.8.PMEsec2.57,,,X
Water Heater (H2O),MWSB.6.DE.8.PMEsec2.58,,,X
Fuel Oil Pump P-4,MWSB.6.DE.8.PMEsec2.59,,,X
Fuel Oil Pump P-5,MWSB.6.DE.8.PMEsec2.59,,,X
Water Heater (H2O),MWSB.6.DE.8.PMEsec2.60,,,X
Jockey Pump +ACM-3,MWSB.6.DE.8.PMEsec2.61,,,X
F-21,MWSB.6.DE.8.PMEsec2.62,,,X
Jockey Pump +ACM-3,MWSB.6.DE.8.PMEsec2.63,,,X
F-21,MWSB.6.DE.8.PMEsec2.64,,,X
Jockey Pump +ACM-3,MWSB.6.DE.8.PMEsec2.65,,,X
F-21,MWSB.6.DE.8.PMEsec2.66,,,X
ATC Air Compressor-1,MWSB.6.DE.8.PMEsec2.67,,,X
ATC Air Compressor-2,MWSB.6.DE.8.PMEsec2.68,,,X
ATC Air Compressor-1,MWSB.6.DE.8.PMEsec2.69,,,X
ATC Air Compressor-2,MWSB.6.DE.8.PMEsec2.70,,,X
ATC Air Compressor-1,MWSB.6.DE.8.PMEsec2.71,,,X
ATC Air Compressor-2,MWSB.6.DE.8.PMEsec2.72,,,X
ACCU-1,MWSB.7.DG.4,,,
Site Light / Time clock,MWSB.7.DG.6,,,
Site Light / Time clock,MWSB.7.DG.7,,,
Site Light / Time clock,MWSB.7.DG.8,,,
Site Light / Time clock,MWSB.7.DG.9,,,
Lights,MWSB.7.DG.1.P4Gsec1.2,3001,,
Lights,MWSB.7.DG.1.P4Gsec1.3,3003,,
Lights,MWSB.7.DG.1.P4Gsec1.3,3004,,
Lights,MWSB.7.DG.1.P4Gsec1.4,3003,,
F-9,MWSB.7.DG.1.P4Gsec1.13,,,X
F-9,MWSB.7.DG.1.P4Gsec1.15,,,X
F-9,MWSB.7.DG.1.P4Gsec1.17,,,X
RTU-2,MWSB.7.DG.1.P4Gsec1.20,,,X
RTU-2,MWSB.7.DG.1.P4Gsec1.22,,,X
RTU-2,MWSB.7.DG.1.P4Gsec1.24,,,X
RTU-1,MWSB.7.DG.1.P4Gsec1.25,,,X
RTU-3,MWSB.7.DG.1.P4Gsec1.26,,,X
RTU-1,MWSB.7.DG.1.P4Gsec1.27,,,X
RTU-3,MWSB.7.DG.1.P4Gsec1.28,,,X
RTU-1,MWSB.7.DG.1.P4Gsec1.29,,,X
RTU-3,MWSB.7.DG.1.P4Gsec1.30,,,X
AHU-2,MWSB.7.DG.1.P4Gsec1.32,,,X
AHU-2,MWSB.7.DG.1.P4Gsec1.34,,,X
AHU-2,MWSB.7.DG.1.P4Gsec1.36,,,X
F-8,MWSB.7.DG.1.P4Gsec2.40,,,X
P-8,MWSB.7.DG.1.P4Gsec2.41,,,X
F-8,MWSB.7.DG.1.P4Gsec2.42,,,X
P-8,MWSB.7.DG.1.P4Gsec2.43,,,X
F-8,MWSB.7.DG.1.P4Gsec2.44,,,X
P-8,MWSB.7.DG.1.P4Gsec2.45,,,X
P-9,MWSB.7.DG.1.P4Gsec2.47,,,X
P-9,MWSB.7.DG.1.P4Gsec2.49,,,X
P-9,MWSB.7.DG.1.P4Gsec2.51,,,X
AHU-11,MWSB.7.DG.1.P4Gsec2.53,,,X
AHU-11,MWSB.7.DG.1.P4Gsec2.55,,,X
AHU-11,MWSB.7.DG.1.P4Gsec2.57,,,X
RTU-4,MWSB.7.DG.1.P4Gsec2.64,,,X
AHU-12,MWSB.7.DG.1.P4Gsec2.65,,,X
RTU-4,MWSB.7.DG.1.P4Gsec2.66,,,X
AHU-12,MWSB.7.DG.1.P4Gsec2.67,,,X
RTU-4,MWSB.7.DG.1.P4Gsec2.68,,,X
AHU-12,MWSB.7.DG.1.P4Gsec2.69,,,X
Lights Mechanical Room,MWSB.7.DG.2.L4GC.2,Mech,,
Lights Storage,MWSB.7.DG.2.L4GC.2,Store,,
Lights Women+//0Akg-s Team,MWSB.7.DG.2.L4GC.2,Women's Team Room,,
Lights,MWSB.7.DG.2.L4GC.3,1015,,
Lights,MWSB.7.DG.2.L4GC.3,1016,,
Lights,MWSB.7.DG.2.L4GC.3,1017,,
Lights Mechanical Room,MWSB.7.DG.2.L4GC.4,1043,,
Lights Boy+//0Akg-s Team,MWSB.7.DG.2.L4GC.4,boys' Team Room,,
Lights girls' locker room,MWSB.7.DG.2.L4GC.5,,,
Lights Equipment Storage,MWSB.7.DG.2.L4GC.5,,,
Lights,MWSB.7.DG.2.L4GC.7,1033,,
Lights,MWSB.7.DG.2.L4GC.7,1034,,
Lights Team Room,MWSB.7.DG.2.L4GC.7,,,
Lights boys' locker room,MWSB.7.DG.2.L4GC.8,,,
Lights,MWSB.7.DG.2.L4GC.8,1032,,
Lights corr,MWSB.7.DG.2.L4GC.11,1040,,
Lights corr,MWSB.7.DG.2.L4GC.13,1004,,
Lights Arts Lobby,MWSB.7.DG.2.L4GC.13,1051,,
Lights Bath,MWSB.7.DG.2.L4GC.14,1028,,
Lights Bath,MWSB.7.DG.2.L4GC.14,1029,,
Lights Bath,MWSB.7.DG.2.L4GC.14,1030,,
Lights Bath,MWSB.7.DG.2.L4GC.14,1030A,,
Lights Bath,MWSB.7.DG.2.L4GC.14,1030B,,
Lights,MWSB.7.DG.2.L4GC.15,1052,,
Lights,MWSB.7.DG.2.L4GC.15,1044,,
Lights,MWSB.7.DG.2.L4GC.15,1047A,,
Lights,MWSB.7.DG.2.L4GC.15,1051A,,
Lights,MWSB.7.DG.2.L4GC.15,1051B,,
Lights Office Tech,MWSB.7.DG.2.L4GC.16,1053,,
Lights ,MWSB.7.DG.2.L4GC.17,1054,,
Lights Ceramic,MWSB.7.DG.2.L4GC.19,1047,,
Lights Art,MWSB.7.DG.2.L4GC.20,1048,,
Lights Art,MWSB.7.DG.2.L4GC.21,1049,,
Elevator mechanical Room,MWSB.7.DG.2.L4GC.21,,,
Safari,MWSB.7.DG.2.L4GC.23,,,
Safari,MWSB.7.DG.2.L4GC.24,,,
bypass Relays,MWSB.7.DG.2.L4GC.27,,,
Far Safari lights,MWSB.7.DG.2.L4GC.28,,,
bypass Relays,MWSB.7.DG.2.L4GC.29,,,
Near Safari lights,MWSB.7.DG.2.L4GC.30,,,
bypass Relays,MWSB.7.DG.2.L4GC.31,,,
Outlets Gym South wall,MWSB.7.DG.2.L4GC.37A.TGC.LGCsec1.1,,,
Folding curtain gym,MWSB.7.DG.2.L4GC.37A.TGC.LGCsec1.2,,,
Outlets mechanical room,MWSB.7.DG.2.L4GC.37A.TGC.LGCsec1.3,1011,,
Outlets mechanical room,MWSB.7.DG.2.L4GC.37A.TGC.LGCsec1.3,1012,,
Outlets mechanical room,MWSB.7.DG.2.L4GC.37A.TGC.LGCsec1.3,1013,,
Outlets mechanical room,MWSB.7.DG.2.L4GC.37A.TGC.LGCsec1.3,1014,,
Outlets mechanical room,MWSB.7.DG.2.L4GC.37A.TGC.LGCsec1.3,1015,,
Outlets mechanical room,MWSB.7.DG.2.L4GC.37A.TGC.LGCsec1.3,1016,,
Backboard gym (South),MWSB.7.DG.2.L4GC.37A.TGC.LGCsec1.4,,,
Backboard gym (North),MWSB.7.DG.2.L4GC.37A.TGC.LGCsec1.5,,,
Outlet Storage,MWSB.7.DG.2.L4GC.37A.TGC.LGCsec1.6,,,
Outlet equip,MWSB.7.DG.2.L4GC.37A.TGC.LGCsec1.6,1017,,
Outlets corr,MWSB.7.DG.2.L4GC.37A.TGC.LGCsec1.7,1011,,
Outlets storage,MWSB.7.DG.2.L4GC.37A.TGC.LGCsec1.8,,,
Outlets corr,MWSB.7.DG.2.L4GC.37A.TGC.LGCsec1.8,1008,,
South parking pole outlets,MWSB.7.DG.2.L4GC.37A.TGC.LGCsec1.8,,,
Backboard gym (North),MWSB.7.DG.2.L4GC.37A.TGC.LGCsec1.10,,,
CUH gym west entry,MWSB.7.DG.2.L4GC.37A.TGC.LGCsec1.12,,,
Outlet field house floor,MWSB.7.DG.2.L4GC.37A.TGC.LGCsec1.12,,,
LGCsec1-1,MWSB.7.DG.2.L4GC.37A.TGC.LGCsec1.9,,,
Folding curtain gym,MWSB.7.DG.2.L4GC.37A.TGC.LGCsec1.14,,,
Outlets boys' locker,MWSB.7.DG.2.L4GC.37A.TGC.LGCsec1.15,1032,,
Folding curtain gym +ACM-3,MWSB.7.DG.2.L4GC.37A.TGC.LGCsec1.16,,,
Outlets equip,MWSB.7.DG.2.L4GC.37A.TGC.LGCsec1.17,1006,,
Outlets corr,MWSB.7.DG.2.L4GC.37A.TGC.LGCsec1.18,1004,,
Outlets CUH's stair - 10,MWSB.7.DG.2.L4GC.37A.TGC.LGCsec1.19,??,,
Outlets CUH's stair - 11,MWSB.7.DG.2.L4GC.37A.TGC.LGCsec1.19,??,,
Scoreboard gym (South),MWSB.7.DG.2.L4GC.37A.TGC.LGCsec1.20,,,
Backboard gym (South),MWSB.7.DG.2.L4GC.37A.TGC.LGCsec1.21,,,
Folding curtain gym,MWSB.7.DG.2.L4GC.37A.TGC.LGCsec1.22,,,
Outlets gym (West),MWSB.7.DG.2.L4GC.37A.TGC.LGCsec1.23,,,
Outlets Janitor's closet,MWSB.7.DG.2.L4GC.37A.TGC.LGCsec1.23,,,
Backboard gym (South),MWSB.7.DG.2.L4GC.37A.TGC.LGCsec1.24,,,
Outlets gym (North),MWSB.7.DG.2.L4GC.37A.TGC.LGCsec1.25,,,
EWC 100,MWSB.7.DG.2.L4GC.37A.TGC.LGCsec1.25,,,
CUH vest,MWSB.7.DG.2.L4GC.37A.TGC.LGCsec1.26,1002,1002 (??),
Vending Machine,MWSB.7.DG.2.L4GC.37A.TGC.LGCsec1.26,,,
Paddle fans gym,MWSB.7.DG.2.L4GC.37A.TGC.LGCsec1.27,,,
Paddle fans gym,MWSB.7.DG.2.L4GC.37A.TGC.LGCsec1.28,,,
Paddle fans gym,MWSB.7.DG.2.L4GC.37A.TGC.LGCsec1.29,,,
Folding curtain gym,MWSB.7.DG.2.L4GC.37A.TGC.LGCsec1.30,,,
Backboard gym (North),MWSB.7.DG.2.L4GC.37A.TGC.LGCsec1.31,,,
Scoreboard gym (North),MWSB.7.DG.2.L4GC.37A.TGC.LGCsec1.32,,,
Batting cage,MWSB.7.DG.2.L4GC.37A.TGC.LGCsec1.32,,,
Backboard gym (North),MWSB.7.DG.2.L4GC.37A.TGC.LGCsec1.33,,,
Backboard gym (South),MWSB.7.DG.2.L4GC.37A.TGC.LGCsec1.33,,,
Folding curtain gym +ACM-4,MWSB.7.DG.2.L4GC.37A.TGC.LGCsec1.34,,,
Backboard gym (South),MWSB.7.DG.2.L4GC.37A.TGC.LGCsec1.35,,,
Folding curtain gym,MWSB.7.DG.2.L4GC.37A.TGC.LGCsec1.36,,,
Outlets Office Tech,MWSB.7.DG.2.L4GC.37A.TGC.LGCsec2.37,1053,,
Walker duct (Center),MWSB.7.DG.2.L4GC.37A.TGC.LGCsec2.37,,,
Outlets Office Tech,MWSB.7.DG.2.L4GC.37A.TGC.LGCsec2.38,1053,,
Walker duct (North),MWSB.7.DG.2.L4GC.37A.TGC.LGCsec2.38,,,
Outlets,MWSB.7.DG.2.L4GC.37A.TGC.LGCsec2.39,1054,,
Outlets,MWSB.7.DG.2.L4GC.37A.TGC.LGCsec2.40,1054,,
Outlets,MWSB.7.DG.2.L4GC.37A.TGC.LGCsec2.41,1054,,
Outlets ceramic,MWSB.7.DG.2.L4GC.37A.TGC.LGCsec2.42,1047,,
Outlets storage,MWSB.7.DG.2.L4GC.37A.TGC.LGCsec2.42,1044,,
Outlets art,MWSB.7.DG.2.L4GC.37A.TGC.LGCsec2.43,1048,,
Outlets Office Tech North ,MWSB.7.DG.2.L4GC.37A.TGC.LGCsec2.45,1053,,
Outlets Office Tech West,MWSB.7.DG.2.L4GC.37A.TGC.LGCsec2.45,1053,,
Outlets Office Tech,MWSB.7.DG.2.L4GC.37A.TGC.LGCsec2.46,1053,,
Walker duct (South),MWSB.7.DG.2.L4GC.37A.TGC.LGCsec2.46,,,
Outlets art,MWSB.7.DG.2.L4GC.37A.TGC.LGCsec2.47,1049,,
Outlets art,MWSB.7.DG.2.L4GC.37A.TGC.LGCsec2.48,1049,,
Outlets lobby,MWSB.7.DG.2.L4GC.37A.TGC.LGCsec2.49,1051,,
Elev mechanical Room,MWSB.7.DG.2.L4GC.37A.TGC.LGCsec2.49,,,
Outlets Office Tech East,MWSB.7.DG.2.L4GC.37A.TGC.LGCsec2.50,1053,,
Outlets Office Tech South,MWSB.7.DG.2.L4GC.37A.TGC.LGCsec2.50,1053,,
Outlets ceramic,MWSB.7.DG.2.L4GC.37A.TGC.LGCsec2.51,1047,,
Outlets ceramic,MWSB.7.DG.2.L4GC.37A.TGC.LGCsec2.52,1047,,
Outlets key,MWSB.7.DG.2.L4GC.37A.TGC.LGCsec2.53,1052,,
Outlets art,MWSB.7.DG.2.L4GC.37A.TGC.LGCsec2.54,1048,,
Outlets art,MWSB.7.DG.2.L4GC.37A.TGC.LGCsec2.55,1048,,
Outlets key,MWSB.7.DG.2.L4GC.37A.TGC.LGCsec2.56,1052,,
Outlets floor art,MWSB.7.DG.2.L4GC.37A.TGC.LGCsec2.57,1048,,
Outlets floor art,MWSB.7.DG.2.L4GC.37A.TGC.LGCsec2.58,1048,,
Outlets floor art,MWSB.7.DG.2.L4GC.37A.TGC.LGCsec2.59,1049,,
Lights ceramics,MWSB.7.DG.2.L4GC.37A.TGC.LGCsec2.60,1047,,
Lights ceramics,MWSB.7.DG.2.L4GC.37A.TGC.LGCsec2.61,1047,,
Lights ceramics,MWSB.7.DG.2.L4GC.37A.TGC.LGCsec2.62,1047,,
Lights art,MWSB.7.DG.2.L4GC.37A.TGC.LGCsec2.63,1048,,
Lights art,MWSB.7.DG.2.L4GC.37A.TGC.LGCsec2.64,1048,,
Outlets key,MWSB.7.DG.2.L4GC.37A.TGC.LGCsec2.65,1052,,
Lights art,MWSB.7.DG.2.L4GC.37A.TGC.LGCsec2.66,1048,,
Lights art,MWSB.7.DG.2.L4GC.37A.TGC.LGCsec2.67,1049,,
Lights art,MWSB.7.DG.2.L4GC.37A.TGC.LGCsec2.68,1049,,
Lights art,MWSB.7.DG.2.L4GC.37A.TGC.LGCsec2.69,1049,,
Outlets key,MWSB.7.DG.2.L4GC.37A.TGC.LGCsec2.70,1052,,
Lights art,MWSB.7.DG.2.L4GC.37A.TGC.LGCsec2.71,1049,,
Refrigerator training rm,MWSB.7.DG.2.L4GC.37A.TGC.LGCsec2.72,1020,,
Ice maker training rm,MWSB.7.DG.2.L4GC.37A.TGC.LGCsec2.73,1020,,
Refrigerator training rm,MWSB.7.DG.2.L4GC.37A.TGC.LGCsec2.74,1020,,
Ice maker training rm,MWSB.7.DG.2.L4GC.37A.TGC.LGCsec2.75,1020,,
Outlet for Whirlpool training rm,MWSB.7.DG.2.L4GC.37A.TGC.LGCsec2.76,1020,,
Hand Dryer,MWSB.7.DG.2.L4GC.37A.TGC.LGCsec2.77,1024,,
Hand Dryer,MWSB.7.DG.2.L4GC.37A.TGC.LGCsec2.78,1026,,
Outlets,MWSB.7.DG.2.L4GC.37A.TGC.LGCsec3.79,1030A,,
Outlets,MWSB.7.DG.2.L4GC.37A.TGC.LGCsec3.79,1030B,,
Outlets,MWSB.7.DG.2.L4GC.37A.TGC.LGCsec3.80,1030A,,
Outlets,MWSB.7.DG.2.L4GC.37A.TGC.LGCsec3.80,1030B,,
Hand Dryer Men's,MWSB.7.DG.2.L4GC.37A.TGC.LGCsec3.81,1051,,
Outlets key,MWSB.7.DG.2.L4GC.37A.TGC.LGCsec3.82,1052,,
Hand Dryer Women's,MWSB.7.DG.2.L4GC.37A.TGC.LGCsec3.83,1051A,,
Hand Dryer bath,MWSB.7.DG.2.L4GC.37A.TGC.LGCsec3.84,1034A,,
Hand Dryer bath,MWSB.7.DG.2.L4GC.37A.TGC.LGCsec3.85,1051A,,
Water cooler corr,MWSB.7.DG.2.L4GC.37A.TGC.LGCsec3.86,1004,,
Outlets office,MWSB.7.DG.2.L4GC.37A.TGC.LGCsec3.87,1021,,
Outlets Kiln,MWSB.7.DG.2.L4GC.37A.TGC.LGCsec3.88,,,
Outlets M+ACY-W rest,MWSB.7.DG.2.L4GC.37A.TGC.LGCsec3.88,,,
Outlets corr,MWSB.7.DG.2.L4GC.37A.TGC.LGCsec3.89,1040,,
Outlets team,MWSB.7.DG.2.L4GC.37A.TGC.LGCsec3.89,1039,,
Outlets store,MWSB.7.DG.2.L4GC.37A.TGC.LGCsec3.90,1034,,
Outlets office,MWSB.7.DG.2.L4GC.37A.TGC.LGCsec3.92,1033,,
Outlets office,MWSB.7.DG.2.L4GC.37A.TGC.LGCsec3.93,1022,,
Outlets team,MWSB.7.DG.2.L4GC.37A.TGC.LGCsec3.94,1041,,
Outlets team,MWSB.7.DG.2.L4GC.37A.TGC.LGCsec3.94,1042,,
Outlets team,MWSB.7.DG.2.L4GC.37A.TGC.LGCsec3.94,1015a,,
Outlets Janitors closet,MWSB.7.DG.2.L4GC.37A.TGC.LGCsec3.95,1031A,,
security Panel,MWSB.7.DG.2.L4GC.37A.TGC.LGCsec3.95,,,
Outlets team,MWSB.7.DG.2.L4GC.37A.TGC.LGCsec3.96,1037,,
Outlets office,MWSB.7.DG.2.L4GC.37A.TGC.LGCsec3.96,1035,,
Outlets boys shower,MWSB.7.DG.2.L4GC.37A.TGC.LGCsec3.97,1027,,
Outlets girls' shower,MWSB.7.DG.2.L4GC.37A.TGC.LGCsec3.98,1025,,
Outlets girls' toilet,MWSB.7.DG.2.L4GC.37A.TGC.LGCsec3.99,1024,,
Fan F-11,MWSB.7.DG.2.L4GC.37A.TGC.LGCsec3.100,,,
Fan F-12,MWSB.7.DG.2.L4GC.37A.TGC.LGCsec3.100,,,
Fan F-13,MWSB.7.DG.2.L4GC.37A.TGC.LGCsec3.100,,,
Fan F-19,MWSB.7.DG.2.L4GC.37A.TGC.LGCsec3.100,,,
Fan F-25,MWSB.7.DG.2.L4GC.37A.TGC.LGCsec3.101,,,
Fan F-14,MWSB.7.DG.2.L4GC.37A.TGC.LGCsec3.104,,,
Water Cooler corr,MWSB.7.DG.2.L4GC.37A.TGC.LGCsec3.105,1004,,
Kiln,MWSB.7.DG.2.L4GC.37A.TGC.LGCsec3.109,,,
Kiln,MWSB.7.DG.2.L4GC.37A.TGC.LGCsec3.111,,,
Kiln,MWSB.7.DG.2.L4GC.37A.TGC.LGCsec3.113,,,
Kiln,MWSB.7.DG.2.L4GC.37A.TGC.LGCsec3.115,,,
Kiln,MWSB.7.DG.2.L4GC.37A.TGC.LGCsec3.117,,,
Kiln,MWSB.7.DG.2.L4GC.37A.TGC.LGCsec3.119,,,
Lights Exterior gym,MWSB.7.DG.3.L4G1sec1.1,1001,,
F-17,MWSB.7.DG.3.L4G1sec1.2,,,X
Lights Exterior gym,MWSB.7.DG.3.L4G1sec1.3,1001,,
F-17,MWSB.7.DG.3.L4G1sec1.4,,,X
Lights exterior soffit (East),MWSB.7.DG.3.L4G1sec1.5,,,
F-17,MWSB.7.DG.3.L4G1sec1.6,,,X
Lights exterior lobby tower floods,MWSB.7.DG.3.L4G1sec1.7,Lobby,,
Lights Exterior delivery entrance (West),MWSB.7.DG.3.L4G1sec1.9,,,
Lights,MWSB.7.DG.3.L4G1sec1.10,2002A,,
Lights,MWSB.7.DG.3.L4G1sec1.11,2002,,
Lights,MWSB.7.DG.3.L4G1sec1.11,2005A,,
Lights,MWSB.7.DG.3.L4G1sec1.12,2002,,
Lights,MWSB.7.DG.3.L4G1sec1.12,2005A,,
Lights elevator lobby,MWSB.7.DG.3.L4G1sec1.13,3005A,,
Lights stairs B1,MWSB.7.DG.3.L4G1sec1.13,,,
Lights,MWSB.7.DG.3.L4G1sec1.16,1002,,
Lights,MWSB.7.DG.3.L4G1sec1.16,2009,,
Lights (Fieldhouse Corridor),MWSB.7.DG.3.L4G1sec1.16,2015,,
Lights,MWSB.7.DG.3.L4G1sec1.17,3002,,
Lights lobby tower sconces,MWSB.7.DG.3.L4G1sec1.17,,,
Lights lobby hig bay,MWSB.7.DG.3.L4G1sec1.18,2016,,
Lights lobby high bay,MWSB.7.DG.3.L4G1sec2.20,2016,,
Lights lobby,MWSB.7.DG.3.L4G1sec2.22,2016,,
Lights vest,MWSB.7.DG.3.L4G1sec2.23,2017,,
Lights,MWSB.7.DG.3.L4G1sec2.24,2006,,
Lights,MWSB.7.DG.3.L4G1sec2.24,2007,,
Lights,MWSB.7.DG.3.L4G1sec2.24,2013,,
Lights corr,MWSB.7.DG.3.L4G1sec2.24,2010,,
Lights gym dimmer control (reference),MWSB.7.DG.3.L4G1sec2.25,1001,,
Lights gym,MWSB.7.DG.3.L4G1sec2.26,2001,,
Lights gym,MWSB.7.DG.3.L4G1sec2.27,2001,,
Lights gym,MWSB.7.DG.3.L4G1sec2.28,2001,,
Lights gym,MWSB.7.DG.3.L4G1sec2.29,2001,,
Lights gym,MWSB.7.DG.3.L4G1sec2.30,2001,,
Lights gym,MWSB.7.DG.3.L4G1sec2.31,2001,,
Lights gym,MWSB.7.DG.3.L4G1sec2.32,2001,,
Lights gym,MWSB.7.DG.3.L4G1sec2.33,2001,,
Lights lobby Third Floor,MWSB.7.DG.3.L4G1sec2.34,2016,,
Lights stairs B1,MWSB.7.DG.3.L4G1sec2.34,,,
Fan F-17A,MWSB.7.DG.3.L4G1sec2.35,,,X
Spare at junction box above ceiling,MWSB.7.DG.3.L4G1sec2.36,2011,,
Fan F-17A,MWSB.7.DG.3.L4G1sec2.37,,,X
Lights gym Zone 2 panel 2,MWSB.7.DG.3.L4G1sec2.38,1001,,
Fan F-17A,MWSB.7.DG.3.L4G1sec2.39,,,X
Lights gym Zone 1 panel 1,MWSB.7.DG.3.L4G1sec2.40,1001,,
Lights gym Zone 2 panel 1,MWSB.7.DG.3.L4G1sec2.42,1001,,
Lights gym Zone 4 panel 3,MWSB.7.DG.3.L4G1sec2.44,1001,,
Lights gym Zone 3 panel 2,MWSB.7.DG.3.L4G1sec2.46,1001,,
Lights gym Zone 3 panel 2,MWSB.7.DG.3.L4G1sec2.48,1001,,
Lights gym Zone 1 panel 1,MWSB.7.DG.3.L4G1sec2.49,1001,,
Lights gym Zone 4 panel 3,MWSB.7.DG.3.L4G1sec2.50,1001,,
Lights gym Zone 1 panel 1,MWSB.7.DG.3.L4G1sec2.51,1001,,
Lights gym Zone 4 panel 3 (East court 7/8),MWSB.7.DG.3.L4G1sec2.52,1001,,
Lights gym Zone 2 panel 1,MWSB.7.DG.3.L4G1sec2.53,1001,,
Lights gym Zone 3 panel 2,MWSB.7.DG.3.L4G1sec2.54,1001,,
Outlets gym,MWSB.7.DG.3.L4G1sec1.20.TGD.LG1sec1.1,2001,,
Outlets gym,MWSB.7.DG.3.L4G1sec1.20.TGD.LG1sec1.1,2014B,,
Lobby message sign,MWSB.7.DG.3.L4G1sec1.20.TGD.LG1sec1.1,,,
Outlets,MWSB.7.DG.3.L4G1sec1.20.TGD.LG1sec1.2,3001,,
Outlets Stair B8,MWSB.7.DG.3.L4G1sec1.20.TGD.LG1sec1.2,,,
Outlets,MWSB.7.DG.3.L4G1sec1.20.TGD.LG1sec1.3,3003,,
Outlets,MWSB.7.DG.3.L4G1sec1.20.TGD.LG1sec1.4,3003,,
Outlets,MWSB.7.DG.3.L4G1sec1.20.TGD.LG1sec1.5,3003,,
Outlets,MWSB.7.DG.3.L4G1sec1.20.TGD.LG1sec1.5,3004,,
Outlets Stair B9,MWSB.7.DG.3.L4G1sec1.20.TGD.LG1sec1.5,,,
ATC Panel,MWSB.7.DG.3.L4G1sec1.20.TGD.LG1sec1.5,3001,,
Outlets,MWSB.7.DG.3.L4G1sec1.20.TGD.LG1sec1.6,2001,,
Outlets,MWSB.7.DG.3.L4G1sec1.20.TGD.LG1sec1.6,2004,,
Outlets,MWSB.7.DG.3.L4G1sec1.20.TGD.LG1sec1.6,2005,,
Outlets,MWSB.7.DG.3.L4G1sec1.20.TGD.LG1sec1.7,2005A,,
Outlets EWCs,MWSB.7.DG.3.L4G1sec1.20.TGD.LG1sec1.7,,,
Outlets,MWSB.7.DG.3.L4G1sec1.20.TGD.LG1sec1.8,2002,,
Outlets,MWSB.7.DG.3.L4G1sec1.20.TGD.LG1sec1.8,2002B,,
Outlets EWCs,MWSB.7.DG.3.L4G1sec1.20.TGD.LG1sec1.8,,,
Outlets,MWSB.7.DG.3.L4G1sec1.20.TGD.LG1sec1.9,2002,,
Outlets,MWSB.7.DG.3.L4G1sec1.20.TGD.LG1sec1.10,2016,,
Outlets,MWSB.7.DG.3.L4G1sec1.20.TGD.LG1sec1.11,2001,,
Outlets corr,MWSB.7.DG.3.L4G1sec1.20.TGD.LG1sec1.12,2010,,
Outlets Stairs,MWSB.7.DG.3.L4G1sec1.20.TGD.LG1sec1.12,,,
Outlets Observation,MWSB.7.DG.3.L4G1sec1.20.TGD.LG1sec1.12,,,
Outlets,MWSB.7.DG.3.L4G1sec1.20.TGD.LG1sec1.13,2007,,
Outlets bath,MWSB.7.DG.3.L4G1sec1.20.TGD.LG1sec1.13,2008,,
Hand Dryer Bathroom,MWSB.7.DG.3.L4G1sec1.20.TGD.LG1sec1.14,2008,,
Outlets (L4 Concession),MWSB.7.DG.3.L4G1sec1.20.TGD.LG1sec1.15,2006,,
Outlets (L4 Concession),MWSB.7.DG.3.L4G1sec1.20.TGD.LG1sec1.16,2006,,
Outlets gym,MWSB.7.DG.3.L4G1sec1.20.TGD.LG1sec1.17,2001,,
Outlets bath,MWSB.7.DG.3.L4G1sec1.20.TGD.LG1sec1.18,2011,,
Outlets corr,MWSB.7.DG.3.L4G1sec1.20.TGD.LG1sec1.18,2010A,,
Hand Dryer Bathroom,MWSB.7.DG.3.L4G1sec1.20.TGD.LG1sec1.19,2011,,
Outlets lobby,MWSB.7.DG.3.L4G1sec1.20.TGD.LG1sec1.20,2016,,
Outlets lobby,MWSB.7.DG.3.L4G1sec1.20.TGD.LG1sec1.20,2013,,
Outlets stairs B-1,MWSB.7.DG.3.L4G1sec1.20.TGD.LG1sec1.20,,,
Lights Trophy display,MWSB.7.DG.3.L4G1sec1.20.TGD.LG1sec1.20,,,
Outlets gym,MWSB.7.DG.3.L4G1sec1.20.TGD.LG1sec1.21,2001,,
Outlets gym,MWSB.7.DG.3.L4G1sec1.20.TGD.LG1sec1.21,2014B,,
Lobby message sign,MWSB.7.DG.3.L4G1sec1.20.TGD.LG1sec1.21,,,
Outlets (L4 Concession),MWSB.7.DG.3.L4G1sec1.20.TGD.LG1sec1.22,2006,,
Outlets (L4 Concession),MWSB.7.DG.3.L4G1sec1.20.TGD.LG1sec1.23,2006,,
Outlets gym,MWSB.7.DG.3.L4G1sec1.20.TGD.LG1sec1.24,2001,,
Outlets (L4 Concession),MWSB.7.DG.3.L4G1sec1.20.TGD.LG1sec1.24,2006,,
UH-2,MWSB.7.DG.3.L4G1sec1.20.TGD.LG1sec1.25,2002B,2002B (??),
L2 Aircond ACC-2,MWSB.7.DG.3.L4G1sec1.20.TGD.LG1sec1.26,2013,,
Door Access,MWSB.7.DG.3.L4G1sec1.20.TGD.LG1sec1.26,,,
Uni Vents (UV),MWSB.7.DG.3.L4G1sec1.20.TGD.LG1sec1.27,3003,,
Outlets Treadmill,MWSB.7.DG.3.L4G1sec1.20.TGD.LG1sec1.28,2005A,,
CUH 1 vest,MWSB.7.DG.3.L4G1sec1.20.TGD.LG1sec1.29,2017,,
CUH 2 vest,MWSB.7.DG.3.L4G1sec1.20.TGD.LG1sec1.29,2017,,
CUH 3 vest,MWSB.7.DG.3.L4G1sec1.20.TGD.LG1sec1.29,2017,,
CUH 1 Lobby,MWSB.7.DG.3.L4G1sec1.20.TGD.LG1sec1.29,2016,2016 (??),
CUH 2 Lobby,MWSB.7.DG.3.L4G1sec1.20.TGD.LG1sec1.29,2016,,
CUH 3 Lobby,MWSB.7.DG.3.L4G1sec1.20.TGD.LG1sec1.29,2016,,
From LG1sec2 (??),MWSB.7.DG.3.L4G1sec1.20.TGD.LG1sec1.30,,,
Outlets Bridge,MWSB.7.DG.3.L4G1sec1.20.TGD.LG1sec1.31,3002,,
Lights gym Contactor,MWSB.7.DG.3.L4G1sec1.20.TGD.LG1sec1.32,1001,,
Outlets Bridge,MWSB.7.DG.3.L4G1sec1.20.TGD.LG1sec1.33,3002,,
Fan F-16,MWSB.7.DG.3.L4G1sec1.20.TGD.LG1sec1.34,,,X
UHS,MWSB.7.DG.3.L4G1sec1.20.TGD.LG1sec1.34,,,
Outlets Mechanical penthouse,MWSB.7.DG.3.L4G1sec1.20.TGD.LG1sec1.34,,,
Rooftop Outlets,MWSB.7.DG.3.L4G1sec1.20.TGD.LG1sec1.35,,,
RTU 3,MWSB.7.DG.3.L4G1sec1.20.TGD.LG1sec1.35,,,
RTU 4,MWSB.7.DG.3.L4G1sec1.20.TGD.LG1sec1.35,,,
Rooftop Outlets,MWSB.7.DG.3.L4G1sec1.20.TGD.LG1sec1.36,,,
RTU 1,MWSB.7.DG.3.L4G1sec1.20.TGD.LG1sec1.36,,,
RTU 2,MWSB.7.DG.3.L4G1sec1.20.TGD.LG1sec1.36,,,
Spare at 3004,MWSB.7.DG.3.L4G1sec1.20.TGD.LG1sec1.37,3004,,
Handicap door gym (East),MWSB.7.DG.3.L4G1sec1.20.TGD.LG1sec1.39,1001,,
Handicap door gym (West),MWSB.7.DG.3.L4G1sec1.20.TGD.LG1sec1.41,1001,,
Fan F-15,MWSB.7.DG.3.L4G1sec1.20.TGD.LG1sec2.43,,,X
Fan F-16,MWSB.7.DG.3.L4G1sec1.20.TGD.LG1sec2.45,,,X
Fan F-18,MWSB.7.DG.3.L4G1sec1.20.TGD.LG1sec2.46,,,
ACC-1,MWSB.7.DG.3.L4G1sec1.20.TGD.LG1sec2.50,2006,,
Treadmill gym,MWSB.7.DG.3.L4G1sec1.20.TGD.LG1sec2.54,,,
Fan F-15,MWSB.7.DG.3.L4G1sec1.20.TGD.LG1sec2.55,,,X
Treadmill gym,MWSB.7.DG.3.L4G1sec1.20.TGD.LG1sec2.56,,,
Fan F-16,MWSB.7.DG.3.L4G1sec1.20.TGD.LG1sec2.57,,,X
Treadmill gym,MWSB.7.DG.3.L4G1sec1.20.TGD.LG1sec2.58,,,
Scoreboards Dunn gym,MWSB.7.DG.3.L4G1sec1.20.TGD.LG1sec2.59,,,
Fan F-18,MWSB.7.DG.3.L4G1sec1.20.TGD.LG1sec2.60,,,X
Folding partition Dunn Gym,MWSB.7.DG.3.L4G1sec1.20.TGD.LG1sec2.61,,,
ACC 1,MWSB.7.DG.3.L4G1sec1.20.TGD.LG1sec2.62,,,
Folding partition Dunn Gym,MWSB.7.DG.3.L4G1sec1.20.TGD.LG1sec2.63,,,
RM L2,MWSB.7.DG.3.L4G1sec1.20.TGD.LG1sec2.64,,,
Folding partition Dunn Gym,MWSB.7.DG.3.L4G1sec1.20.TGD.LG1sec2.65,,,
Blackboard,MWSB.7.DG.3.L4G1sec1.20.TGD.LG1sec2.66,,,
Rec. Athletic Director Office,MWSB.7.DG.3.L4G1sec1.20.TGD.LG1sec2.67,,,
Blackboard,MWSB.7.DG.3.L4G1sec1.20.TGD.LG1sec2.68,,,
Bleachers +ACM-1,MWSB.7.DG.3.L4G1sec1.20.TGD.LG1sec2.69,,,
Bleachers +ACM-2,MWSB.7.DG.3.L4G1sec1.20.TGD.LG1sec2.69,,,
Bleachers +ACM-3,MWSB.7.DG.3.L4G1sec1.20.TGD.LG1sec2.70,,,
Bleachers +ACM-4,MWSB.7.DG.3.L4G1sec1.20.TGD.LG1sec2.70,,,
Bleachers +ACM-1,MWSB.7.DG.3.L4G1sec1.20.TGD.LG1sec2.71,,,
Bleachers +ACM-2,MWSB.7.DG.3.L4G1sec1.20.TGD.LG1sec2.71,,,
Bleachers +ACM-3,MWSB.7.DG.3.L4G1sec1.20.TGD.LG1sec2.72,,,
Bleachers +ACM-4,MWSB.7.DG.3.L4G1sec1.20.TGD.LG1sec2.72,,,
Bleachers +ACM-1,MWSB.7.DG.3.L4G1sec1.20.TGD.LG1sec2.73,,,
Bleachers +ACM-2,MWSB.7.DG.3.L4G1sec1.20.TGD.LG1sec2.73,,,
Bleachers +ACM-3,MWSB.7.DG.3.L4G1sec1.20.TGD.LG1sec2.74,,,
Bleachers +ACM-4,MWSB.7.DG.3.L4G1sec1.20.TGD.LG1sec2.74,,,
AHU-14 Athletic Director+//0Akg-s Office,MWSB.7.DG.3.L4G1sec1.20.TGD.LG1sec2.75,,,
Work Outlets,MWSB.7.DG.3.L4G1sec1.20.TGD.LG1sec2.76,,,
Outlets Field house (Ceiling),MWSB.7.DG.3.L4G1sec1.20.TGD.LG1sec2.77,,,
Field House Voting booths (South),MWSB.7.DG.3.L4G1sec1.20.TGD.LG1sec2.79,,,
Field House Voting booths (North),MWSB.7.DG.3.L4G1sec1.20.TGD.LG1sec2.80,,,
Field House Voting booths (South),MWSB.7.DG.3.L4G1sec1.20.TGD.LG1sec2.81,,,
Field House Voting booths (North),MWSB.7.DG.3.L4G1sec1.20.TGD.LG1sec2.82,,,
Field House Voting booths (South),MWSB.7.DG.3.L4G1sec1.20.TGD.LG1sec2.83,,,
Field House Voting booths (North),MWSB.7.DG.3.L4G1sec1.20.TGD.LG1sec2.84,,,
Outlets roof +AEA- Athletic Director office unit,MWSB.7.DG.3.L4G1sec1.20.TGD.LG1sec2.85,,,
Backboard +ACM-1,MWSB.7.DG.3.L4G1sec1.20.TGD.LG1sec2.86,,,
ACCU-14 Athletic Director+//0Akg-s Office,MWSB.7.DG.3.L4G1sec1.20.TGD.LG1sec2.87,,,X
Backboard +ACM-2,MWSB.7.DG.3.L4G1sec1.20.TGD.LG1sec2.88,,,
ACCU-14 Athletic Director+//0Akg-s Office,MWSB.7.DG.3.L4G1sec1.20.TGD.LG1sec2.89,,,X
Backboard +ACM-3,MWSB.7.DG.3.L4G1sec1.20.TGD.LG1sec2.90,,,
Backboard +ACM-4,MWSB.7.DG.3.L4G1sec1.20.TGD.LG1sec2.91,,,
Generator,MWSB.7.DG.3.L4G1sec1.20.TGD.LG1sec2.92,,,
Backboard +ACM-5,MWSB.7.DG.3.L4G1sec1.20.TGD.LG1sec2.93,,,
Alarm Relays,MWSB.7.DG.3.L4G1sec1.20.TGD.LG1sec2.94,,,
Backboard +ACM-6,MWSB.7.DG.3.L4G1sec1.20.TGD.LG1sec2.95,,,
Alarm Relays,MWSB.7.DG.3.L4G1sec1.20.TGD.LG1sec2.96,,,
ACCU-2,MWSB.8.DL.2,,,
Canteen Washer Booster Heater,MWSB.8.DL.1.PK.1,,,
Oven,MWSB.8.DL.1.PK.2,,,
2-Power Wash Sink,MWSB.8.DL.1.PK.2,,,
Oven +ACY- Blower (North Hood),MWSB.8.DL.1.PK.3,,,
Oven +ACY- Blower (North Hood),MWSB.8.DL.1.PK.4,,,
Kettles,MWSB.8.DL.1.PK.5,,,
Steamer under south hood,MWSB.8.DL.1.PK.6,,,
Steamer under south hood,MWSB.8.DL.1.PK.7,,,
TET AIR Oven (??),MWSB.8.DL.1.PK.8,,,
Dishwasher and Hot Water Booster,MWSB.8.DL.1.PK.13,,,
Lights Kitchen,MWSB.8.DL.1.PK.15,,,
Lights Janitor Closet,MWSB.8.DL.1.PK.15,,,
Even (??) Machine Room,MWSB.8.DL.1.PK.15,,,
Receptacle,MWSB.8.DL.1.PK.12.TK.PKA.1,,,
Receptacle Work Table,MWSB.8.DL.1.PK.12.TK.PKA.2,,,
Receptacle Slicer,MWSB.8.DL.1.PK.12.TK.PKA.3,,,
Receptacle Proofer,MWSB.8.DL.1.PK.12.TK.PKA.4,,,
Lights New Kitchen Director Office (??),MWSB.8.DL.1.PK.12.TK.PKA.7,,,
60 Quart Mixer (South),MWSB.8.DL.1.PK.12.TK.PKA.8,,,
Receptacle Director Office (??),MWSB.8.DL.1.PK.12.TK.PKA.9,,,
Receptacle Assistant Director Office,MWSB.8.DL.1.PK.12.TK.PKA.10,,,
Receptacle Director Office,MWSB.8.DL.1.PK.12.TK.PKA.11,,,
Receptacle Assistant Director Office,MWSB.8.DL.1.PK.12.TK.PKA.12,,,
Microwave Receptacle,MWSB.8.DL.1.PK.12.TK.PKA.13,,,
Microwave Receptacle,MWSB.8.DL.1.PK.12.TK.PKA.14,,,
(Oven) (??),MWSB.8.DL.1.PK.12.TK.PKA.19,,,
Ice Machine Receptacle,MWSB.8.DL.1.PK.12.TK.PKA.21,,,
Fax Machine Dir. Office,MWSB.8.DL.1.PK.12.TK.PKA.22,,,
Outlets Kitchen (Center),MWSB.8.DL.1.PK.12.TK.PKA.23,,,
Copy Machine Dir. Office,MWSB.8.DL.1.PK.12.TK.PKA.24,,,
Kitchen Conference Room Receptacle,MWSB.8.DL.1.PK.12.TK.PKA.26,,,
Receptacle Kitchen,MWSB.8.DL.1.PK.12.TK.PKA.27,130-05,,
Assistant Receptacle,MWSB.8.DL.1.PK.12.TK.PKA.28,,,
Director Office Receptacle,MWSB.8.DL.1.PK.12.TK.PKA.30,Dir Office,,
Lights,MWSB.8.DL.3.L42D.2,4062,,
Lights,MWSB.8.DL.3.L42D.3,4063,,
Lights,MWSB.8.DL.3.L42D.4,4064,,
Lights,MWSB.8.DL.3.L42D.5,4066,,
Lights,MWSB.8.DL.3.L42D.5,4066A,,
Lights,MWSB.8.DL.3.L42D.6,4083,,
Lights,MWSB.8.DL.3.L42D.7,4082,,
Lights,MWSB.8.DL.3.L42D.8,4079,,
Lights,MWSB.8.DL.3.L42D.8,4080,,
Lights,MWSB.8.DL.3.L42D.8,4081A,,
Lights,MWSB.8.DL.3.L42D.8,4091,,
Lights,MWSB.8.DL.3.L42D.8,4091A,,
Lights,MWSB.8.DL.3.L42D.9,4089,,
Lights,MWSB.8.DL.3.L42D.10,4088,,
Lights,MWSB.8.DL.3.L42D.11,4087,,
Lights,MWSB.8.DL.3.L42D.12,4086,,
Lights,MWSB.8.DL.3.L42D.13,4085,,
Lights corr,MWSB.8.DL.3.L42D.14,4067,,
Lights corr,MWSB.8.DL.3.L42D.14,4069,,
Lights corr,MWSB.8.DL.3.L42D.14,4070,4070 (Switched),
Lights (night) corr,MWSB.8.DL.3.L42D.15,4067,,
Lights (night) corr,MWSB.8.DL.3.L42D.15,4069,,
Lights (night) corr,MWSB.8.DL.3.L42D.15,4070,,
? Science Wing,MWSB.8.DL.3.L42D.29.T2D.L2D.1,,,
Outlets,MWSB.8.DL.3.L42D.29.T2D.L2D.2,,,
Water Cooler corr,MWSB.8.DL.3.L42D.29.T2D.L2D.2,4072A,,
Stairs E2,MWSB.8.DL.3.L42D.29.T2D.L2D.2,,,
Hand Dryer,MWSB.8.DL.3.L42D.29.T2D.L2D.3,4084,,
Outlets,MWSB.8.DL.3.L42D.29.T2D.L2D.4,4083,,
Outlets,MWSB.8.DL.3.L42D.29.T2D.L2D.5,4083,,
Outlets,MWSB.8.DL.3.L42D.29.T2D.L2D.6,4083,,
Outlets,MWSB.8.DL.3.L42D.29.T2D.L2D.7,4082,,
Outlets,MWSB.8.DL.3.L42D.29.T2D.L2D.8,4082,,
Outlets,MWSB.8.DL.3.L42D.29.T2D.L2D.9,4082,,
Outlets,MWSB.8.DL.3.L42D.29.T2D.L2D.10,4081,,
Outlets,MWSB.8.DL.3.L42D.29.T2D.L2D.10,4081A,,
Outlets,MWSB.8.DL.3.L42D.29.T2D.L2D.11,4079,,
Outlets,MWSB.8.DL.3.L42D.29.T2D.L2D.12,4080,,
Outlets,MWSB.8.DL.3.L42D.29.T2D.L2D.12,4091,,
Roof Fan F-43,MWSB.8.DL.3.L42D.29.T2D.L2D.13,,,
Outlets,MWSB.8.DL.3.L42D.29.T2D.L2D.14,4066,,
Outlets corr,MWSB.8.DL.3.L42D.29.T2D.L2D.15,4018,,
Outlets corr,MWSB.8.DL.3.L42D.29.T2D.L2D.15,4019,,
Outlets,MWSB.8.DL.3.L42D.29.T2D.L2D.16,4066A,,
Outlets,MWSB.8.DL.3.L42D.29.T2D.L2D.17,4069,,
Hand Dryer,MWSB.8.DL.3.L42D.29.T2D.L2D.18,4065,,
Distiller Controls,MWSB.8.DL.3.L42D.29.T2D.L2D.19,4087,,
Distiller Controls,MWSB.8.DL.3.L42D.29.T2D.L2D.21,4087,,
Distiller Controls,MWSB.8.DL.3.L42D.29.T2D.L2D.23,4087,,
Lights,MWSB.8.DL.4.L4G.1,1068,,
Lights,MWSB.8.DL.4.L4G.1,1069,,
Lights,MWSB.8.DL.4.L4G.1,1069A,,
Ramp,MWSB.8.DL.4.L4G.1,,,
Bypass Relay,MWSB.8.DL.4.L4G.2,,,
Mezzanine Lights,MWSB.8.DL.4.L4G.2,,,
Lights,MWSB.8.DL.4.L4G.3,1058,,
Lights,MWSB.8.DL.4.L4G.3,1059,,
Lights,MWSB.8.DL.4.L4G.3,1060,,
Lights,MWSB.8.DL.4.L4G.3,1061,,
Lights,MWSB.8.DL.4.L4G.4,1062,,
Lights,MWSB.8.DL.4.L4G.4,1063,,
Lights,MWSB.8.DL.4.L4G.4,1064,,
Lights,MWSB.8.DL.4.L4G.4,1064A,,
Lights,MWSB.8.DL.4.L4G.4,1067,,
Lights,MWSB.8.DL.4.L4G.4,1071A,,
Lights,MWSB.8.DL.4.L4G.4,1072,,
Lights,MWSB.8.DL.4.L4G.4,1073,,
Lights cafeteria,MWSB.8.DL.4.L4G.5,1088,,
Lights,MWSB.8.DL.4.L4G.5,1057,,
Lights cafeteria,MWSB.8.DL.4.L4G.6,1088,,
Lights cafeteria,MWSB.8.DL.4.L4G.7,1088,,
Lights cafeteria,MWSB.8.DL.4.L4G.8,1088,,
Lights cafeteria,MWSB.8.DL.4.L4G.9,1088,,
Timeclock Bypass Relay,MWSB.8.DL.4.L4G.10,,,
Exterior Egress Lights,MWSB.8.DL.4.L4G.10,,,
Lights,MWSB.8.DL.4.L4G.11,1056,,
Lights,MWSB.8.DL.4.L4G.11,1065,,
Lights,MWSB.8.DL.4.L4G.11,1066,,
Lights,MWSB.8.DL.4.L4G.11,1068,,
Lights,MWSB.8.DL.4.L4G.11,1087,,
Bypass Relay,MWSB.8.DL.4.L4G.12,,,
Hall Lights,MWSB.8.DL.4.L4G.12,,,
Lights Crawlspace,MWSB.8.DL.4.L4G.13,,,
Lights Crawlspace,MWSB.8.DL.4.L4G.14,,,
Lights Crawlspace,MWSB.8.DL.4.L4G.16,,,
Bypass Relay,MWSB.8.DL.4.L4G.18,,,
Lights cafeteria,MWSB.8.DL.4.L4G.18,,,
Roof Fan F-40,MWSB.8.DL.4.L4G.22,,,X
Roof Fan F-40,MWSB.8.DL.4.L4G.24,,,X
Roof Fan F-40,MWSB.8.DL.4.L4G.26,,,X
Roof Fan F-49,MWSB.8.DL.4.L4G.28,,,X
Roof Fan F-49,MWSB.8.DL.4.L4G.30,,,X
Roof Fan F-49,MWSB.8.DL.4.L4G.32,,,X
Roof Fan F-53,MWSB.8.DL.4.L4G.34.TG.LGsec1.2,,,
Roof Fan F-59,MWSB.8.DL.4.L4G.34.TG.LGsec1.2,,,
Roof Fan F-60,MWSB.8.DL.4.L4G.34.TG.LGsec1.2,,,
Destratification fans,MWSB.8.DL.4.L4G.34.TG.LGsec1.8,1088,,
Outlets,MWSB.8.DL.4.L4G.34.TG.LGsec1.12,1060,,
Outlets,MWSB.8.DL.4.L4G.34.TG.LGsec1.13,1060,,
Outlets,MWSB.8.DL.4.L4G.34.TG.LGsec1.14,1060,,
CUH's cafeteria,MWSB.8.DL.4.L4G.34.TG.LGsec1.14,,,
Water Coolers cafeteria,MWSB.8.DL.4.L4G.34.TG.LGsec1.15,,,
CUH's cafeteria,MWSB.8.DL.4.L4G.34.TG.LGsec1.16,1088,,
Outlets,MWSB.8.DL.4.L4G.34.TG.LGsec1.18,1060,,
Unit Ventilators (UV),MWSB.8.DL.4.L4G.34.TG.LGsec1.20,1088,,
Hand Dryer,MWSB.8.DL.4.L4G.34.TG.LGsec1.21,1086,,
Outlets,MWSB.8.DL.4.L4G.34.TG.LGsec1.21,1086,,
Outlets,MWSB.8.DL.4.L4G.34.TG.LGsec1.22,1084,,
Outlets,MWSB.8.DL.4.L4G.34.TG.LGsec1.23,1057,,
Outlets,MWSB.8.DL.4.L4G.34.TG.LGsec1.23,1087,,
Outlets,MWSB.8.DL.4.L4G.34.TG.LGsec1.23,1066,,
Outlets,MWSB.8.DL.4.L4G.34.TG.LGsec1.24,1057,,
Outlets,MWSB.8.DL.4.L4G.34.TG.LGsec1.25,1057,,
Outlets,MWSB.8.DL.4.L4G.34.TG.LGsec1.26,1088,,
Outlets,MWSB.8.DL.4.L4G.34.TG.LGsec1.27,1088,,
Outlets,MWSB.8.DL.4.L4G.34.TG.LGsec1.28,1088,,
Outlets Mezzanine,MWSB.8.DL.4.L4G.34.TG.LGsec1.29,2018,,
Outlets,MWSB.8.DL.4.L4G.34.TG.LGsec2.31,1064,,
Outlets,MWSB.8.DL.4.L4G.34.TG.LGsec2.32,1064A,,
Outlets,MWSB.8.DL.4.L4G.34.TG.LGsec2.32,1066A,,
Outlets,MWSB.8.DL.4.L4G.34.TG.LGsec2.32,1067,,
Outlets,MWSB.8.DL.4.L4G.34.TG.LGsec2.32,1069,,
Outlets,MWSB.8.DL.4.L4G.34.TG.LGsec2.32,1070,,
Outlets,MWSB.8.DL.4.L4G.34.TG.LGsec2.33,1062,,
Outlets,MWSB.8.DL.4.L4G.34.TG.LGsec2.34,1063,,
Outlets,MWSB.8.DL.4.L4G.34.TG.LGsec2.35,1064,,
Outlets,MWSB.8.DL.4.L4G.34.TG.LGsec2.36,1071A,,
Outlets,MWSB.8.DL.4.L4G.34.TG.LGsec2.37,1072,,
Outlets,MWSB.8.DL.4.L4G.34.TG.LGsec2.37,1073,,
Outlets,MWSB.8.DL.4.L4G.34.TG.LGsec2.38,1076,,
Outlets,MWSB.8.DL.4.L4G.34.TG.LGsec2.38,1078,,
Outlets darkroom,MWSB.8.DL.4.L4G.34.TG.LGsec2.39,1059,,
Outlets darkroom,MWSB.8.DL.4.L4G.34.TG.LGsec2.40,1059,,
Outlets darkroom,MWSB.8.DL.4.L4G.34.TG.LGsec2.41,1059,,
Outlets darkroom,MWSB.8.DL.4.L4G.34.TG.LGsec2.42,1059,,
Outlets darkroom,MWSB.8.DL.4.L4G.34.TG.LGsec2.43,1059,,
Outlets darkroom,MWSB.8.DL.4.L4G.34.TG.LGsec2.44,1059,,
Outlets darkroom,MWSB.8.DL.4.L4G.34.TG.LGsec2.45,1059,,
Outlets darkroom,MWSB.8.DL.4.L4G.34.TG.LGsec2.46,1059,,
Outlets darkroom,MWSB.8.DL.4.L4G.34.TG.LGsec2.47,1059,,
Outlets darkroom,MWSB.8.DL.4.L4G.34.TG.LGsec2.48,1059,,
Outlets darkroom,MWSB.8.DL.4.L4G.34.TG.LGsec2.49,1059,,
Outlets darkroom,MWSB.8.DL.4.L4G.34.TG.LGsec2.50,1059,,
Outlets corr,MWSB.8.DL.4.L4G.34.TG.LGsec2.51,1056,,
Outlets corr,MWSB.8.DL.4.L4G.34.TG.LGsec2.51,1058,,
Safelights,MWSB.8.DL.4.L4G.34.TG.LGsec2.51,1059,,
Outlets,MWSB.8.DL.4.L4G.34.TG.LGsec2.52,1061,,
Outlets,MWSB.8.DL.4.L4G.34.TG.LGsec2.53,1061,,
Trash Compactor Kitchen,MWSB.8.DL.4.L4G.34.TG.LGsec2.54,,,
Outlets,MWSB.8.DL.4.L4G.34.TG.LGsec2.55,1061,,
Fan F-63 Storage Room,MWSB.8.DL.4.L4G.34.TG.LGsec2.56,,,
Outlets,MWSB.8.DL.4.L4G.34.TG.LGsec2.57,1061,,
Fan F-56 Electric Room,MWSB.8.DL.4.L4G.34.TG.LGsec2.58,,,
Outlets,MWSB.8.DL.4.L4G.34.TG.LGsec2.59,1061,,
Fan F-10 Crawlspace,MWSB.8.DL.4.L4G.34.TG.LGsec2.60,,,
Fan F-66 Crawlspace,MWSB.8.DL.4.L4G.34.TG.LGsec2.60,,,
Bryant A/C Unit,MWSB.8.DL.4.L4G.34.TG.LGsec2.62,Conference Room 130-03,,
Bryant A/C Unit,MWSB.8.DL.4.L4G.34.TG.LGsec2.64,Middle Office 130-03,,
Bryant A/C Unit,MWSB.8.DL.4.L4G.34.TG.LGsec2.66,North Office 130-03,,
Storage condensation Pump,MWSB.8.DL.4.L4G.34.TG.LGsec2.68,1071,,
Lights,MWSB.8.DL.5.L42B.3,4031A,,
Lights,MWSB.8.DL.5.L42B.3,4034,,
Lights,MWSB.8.DL.5.L42B.3,4037,,
Lights,MWSB.8.DL.5.L42B.3,4037A,,
Lights,MWSB.8.DL.5.L42B.3,4038,,
Lights,MWSB.8.DL.5.L42B.4,4039,,
Lights,MWSB.8.DL.5.L42B.5,4036,,
Lights,MWSB.8.DL.5.L42B.6,4035,,
Lights,MWSB.8.DL.5.L42B.7,4032,,
Lights,MWSB.8.DL.5.L42B.8,4002,,
Lights,MWSB.8.DL.5.L42B.9,4003,,
Lights,MWSB.8.DL.5.L42B.10,4033,,
Lights,MWSB.8.DL.5.L42B.11,4004,,
Lights,MWSB.8.DL.5.L42B.12,4022,,
Lights,MWSB.8.DL.5.L42B.12,4023,,
Lights,MWSB.8.DL.5.L42B.12,4025,,
Lights,MWSB.8.DL.5.L42B.12,4026,,
Lights,MWSB.8.DL.5.L42B.12,4027,,
AHU-8,MWSB.8.DL.5.L42B.13,,,X
Fan F-6,MWSB.8.DL.5.L42B.14,,,X
AHU-8,MWSB.8.DL.5.L42B.15,,,X
Fan F-6,MWSB.8.DL.5.L42B.16,,,X
AHU-8,MWSB.8.DL.5.L42B.17,,,X
Fan F-6,MWSB.8.DL.5.L42B.18,,,X
Exhaust Fan,MWSB.8.DL.5.L42B.13.T1B.L2B.1,4033A,,
Outlets,MWSB.8.DL.5.L42B.13.T1B.L2B.2,4004,,
Outlets,MWSB.8.DL.5.L42B.13.T1B.L2B.3,4004,,
Outlets,MWSB.8.DL.5.L42B.13.T1B.L2B.4,4004,,
Outlets,MWSB.8.DL.5.L42B.13.T1B.L2B.5,4003,,
Outlets,MWSB.8.DL.5.L42B.13.T1B.L2B.6,4003,,
Outlets,MWSB.8.DL.5.L42B.13.T1B.L2B.7,4003,,
Outlets,MWSB.8.DL.5.L42B.13.T1B.L2B.8,4002,,
Outlets,MWSB.8.DL.5.L42B.13.T1B.L2B.9,4002,,
Outlets,MWSB.8.DL.5.L42B.13.T1B.L2B.10,4002,,
Outlets,MWSB.8.DL.5.L42B.13.T1B.L2B.11,4017,,
Outlets,MWSB.8.DL.5.L42B.13.T1B.L2B.11,4018,,
CWC,MWSB.8.DL.5.L42B.13.T1B.L2B.11,4017,,
Outlets corr,MWSB.8.DL.5.L42B.13.T1B.L2B.11,4030,,
Outlets,MWSB.8.DL.5.L42B.13.T1B.L2B.12,4032,,
Outlets,MWSB.8.DL.5.L42B.13.T1B.L2B.13,4032,,
Outlets,MWSB.8.DL.5.L42B.13.T1B.L2B.14,4032,,
Outlets,MWSB.8.DL.5.L42B.13.T1B.L2B.15,4033,,
Outlets,MWSB.8.DL.5.L42B.13.T1B.L2B.16,4033,,
Outlets,MWSB.8.DL.5.L42B.13.T1B.L2B.17,4033,,
Outlets,MWSB.8.DL.5.L42B.13.T1B.L2B.18,4031A,,
Outlets,MWSB.8.DL.5.L42B.13.T1B.L2B.19,4034,,
Outlets,MWSB.8.DL.5.L42B.13.T1B.L2B.20,4035,,
Outlets,MWSB.8.DL.5.L42B.13.T1B.L2B.21,4035,,
Outlets,MWSB.8.DL.5.L42B.13.T1B.L2B.22,4035,,
Outlets,MWSB.8.DL.5.L42B.13.T1B.L2B.23,4036,,
Outlets,MWSB.8.DL.5.L42B.13.T1B.L2B.24,4036,,
Outlets,MWSB.8.DL.5.L42B.13.T1B.L2B.25,4036,,
Outlets,MWSB.8.DL.5.L42B.13.T1B.L2B.26,4037,,
Outlets,MWSB.8.DL.5.L42B.13.T1B.L2B.26,4038,,
Copy Machine,MWSB.8.DL.5.L42B.13.T1B.L2B.26,4037A,,
Outlets,MWSB.8.DL.5.L42B.13.T1B.L2B.27,4037,,
Outlets,MWSB.8.DL.5.L42B.13.T1B.L2B.27,4037A,,
Copy Machine,MWSB.8.DL.5.L42B.13.T1B.L2B.27,4037A,,
Outlets,MWSB.8.DL.5.L42B.13.T1B.L2B.28,4039,,
Outlets,MWSB.8.DL.5.L42B.13.T1B.L2B.29,4039,,
Outlets,MWSB.8.DL.5.L42B.13.T1B.L2B.30,4039,,
Hand Dryer,MWSB.8.DL.5.L42B.13.T1B.L2B.31,4038,,
Outlets,MWSB.8.DL.5.L42B.13.T1B.L2B.32,4031,,
Roof Fan F-47,MWSB.8.DL.5.L42B.13.T1B.L2B.33,,,X
ACCU-6 rooftop service outlet,MWSB.8.DL.5.L42B.13.T1B.L2B.34,,,X
Roof Fan F-47a,MWSB.8.DL.5.L42B.13.T1B.L2B.35,,,X
Lights,MWSB.8.DL.7.L41D.2,3119,,
Lights,MWSB.8.DL.7.L41D.2,3121,,
Lights,MWSB.8.DL.7.L41D.3,3120,,
Lights,MWSB.8.DL.7.L41D.5,3122,,
Lights,MWSB.8.DL.7.L41D.6,3123,,
Lights,MWSB.8.DL.7.L41D.7,3115,,
Lights,MWSB.8.DL.7.L41D.8,3116,,
Lights,MWSB.8.DL.7.L41D.9,3117,,
Lights,MWSB.8.DL.7.L41D.10,3104,,
Lights,MWSB.8.DL.7.L41D.10,3105,,
Lights,MWSB.8.DL.7.L41D.10,3105A,,
Lights,MWSB.8.DL.7.L41D.11,3101,,
Lights,MWSB.8.DL.7.L41D.11,3101A,,
Lights,MWSB.8.DL.7.L41D.11,3101B,,
Lights,MWSB.8.DL.7.L41D.12,3100,,
Lights,MWSB.8.DL.7.L41D.13,3099,,
Lights corr,MWSB.8.DL.7.L41D.14,3107,,
Lights corr,MWSB.8.DL.7.L41D.14,3108,,
Lights corr,MWSB.8.DL.7.L41D.14,3129,,
Nightlights Corr,MWSB.8.DL.7.L41D.15,3108,,
Nightlights Corr,MWSB.8.DL.7.L41D.15,3129,,
Courtyard exterior lights,MWSB.8.DL.7.L41D.18,,,
Timeclock,MWSB.8.DL.7.L41D.18,,,
Fan F-41,MWSB.8.DL.7.L41D.19,,,X
Fan F-41,MWSB.8.DL.7.L41D.21,,,X
Fan F-41,MWSB.8.DL.7.L41D.23,,,X
Outlets,MWSB.8.DL.7.L41D.25.T1D.L1D.2,3098,,
Outlets,MWSB.8.DL.7.L41D.25.T1D.L1D.3,3098,,
Outlets,MWSB.8.DL.7.L41D.25.T1D.L1D.4,3098,,
Outlets,MWSB.8.DL.7.L41D.25.T1D.L1D.5,3099,,
Outlets,MWSB.8.DL.7.L41D.25.T1D.L1D.6,3099,,
Outlets,MWSB.8.DL.7.L41D.25.T1D.L1D.7,3099,,
Outlets,MWSB.8.DL.7.L41D.25.T1D.L1D.8,3100,,
Outlets,MWSB.8.DL.7.L41D.25.T1D.L1D.9,3100,,
Outlets,MWSB.8.DL.7.L41D.25.T1D.L1D.10,3100,,
Outlets,MWSB.8.DL.7.L41D.25.T1D.L1D.11,3101,,
Outlets,MWSB.8.DL.7.L41D.25.T1D.L1D.11,3101B,,
Outlets,MWSB.8.DL.7.L41D.25.T1D.L1D.12,3101A,,
Outlets,MWSB.8.DL.7.L41D.25.T1D.L1D.13,3101A,,
Outlets,MWSB.8.DL.7.L41D.25.T1D.L1D.13,3101B,,
Hand Dryer,MWSB.8.DL.7.L41D.25.T1D.L1D.14,3106,,
Outlets,MWSB.8.DL.7.L41D.25.T1D.L1D.15,3105A,,
Spare at 3105A,MWSB.8.DL.7.L41D.25.T1D.L1D.16,3105A,,
Outlets,MWSB.8.DL.7.L41D.25.T1D.L1D.17,3105,,
Outlets,MWSB.8.DL.7.L41D.25.T1D.L1D.18,3104,,
Outlets,MWSB.8.DL.7.L41D.25.T1D.L1D.19,3103,,
Outlets corr,MWSB.8.DL.7.L41D.25.T1D.L1D.20,3129,,
Outlets corr,MWSB.8.DL.7.L41D.25.T1D.L1D.20,3108,,
Water Cooler corr,MWSB.8.DL.7.L41D.25.T1D.L1D.20,3028,,
Outlets,MWSB.8.DL.7.L41D.25.T1D.L1D.21,3030,,
Outlets,MWSB.8.DL.7.L41D.25.T1D.L1D.21,3103,,
Outlets,MWSB.8.DL.7.L41D.25.T1D.L1D.22,3030,,
Outlets,MWSB.8.DL.7.L41D.25.T1D.L1D.23,3030,,
Outlets,MWSB.8.DL.7.L41D.25.T1D.L1D.24,3029,,
Outlets,MWSB.8.DL.7.L41D.25.T1D.L1D.25,3029,,
Outlets,MWSB.8.DL.7.L41D.25.T1D.L1D.26,3029,,
Outlets corr,MWSB.8.DL.7.L41D.25.T1D.L1D.27,3028,,
Outlets Bathroom,MWSB.8.DL.7.L41D.25.T1D.L1D.27,3106,,
Storage,MWSB.8.DL.7.L41D.25.T1D.L1D.27,272-01,,
Acid neutralization system,MWSB.8.DL.7.L41D.25.T1D.L1D.28,,,
Vestibule Lights,MWSB.8.DL.7.L41D.25.T1D.L1D.30,3027,,
Lights C1 Stairs,MWSB.8.DL.7.L41D.25.T1D.L1D.32,,,
Lights,MWSB.8.DL.8.L42.2,4075,,
Lights,MWSB.8.DL.8.L42.3,4074,,
Lights,MWSB.8.DL.8.L42.4,4090,,
Lights,MWSB.8.DL.8.L42.5,4092,,
Lights,MWSB.8.DL.8.L42.6,4076,,
Lights,MWSB.8.DL.8.L42.6,4077,,
Lights,MWSB.8.DL.8.L42.6,4093,,
Lights,MWSB.8.DL.8.L42.7,4094,,
Lights,MWSB.8.DL.8.L42.8,4095,,
Lights,MWSB.8.DL.8.L42.9,4011,,
Lights,MWSB.8.DL.8.L42.9,4012,,
Lights,MWSB.8.DL.8.L42.9,4013,,
Lights,MWSB.8.DL.8.L42.9,4015,,
Lights,MWSB.8.DL.8.L42.9,4015A,,
Lights,MWSB.8.DL.8.L42.10,4006,,
Lights,MWSB.8.DL.8.L42.11,4007,,
Lights,MWSB.8.DL.8.L42.12,4008,,
Night Lights corr,MWSB.8.DL.8.L42.13,4071,,
Night Lights corr,MWSB.8.DL.8.L42.13,4072A,,
Night Lights corr,MWSB.8.DL.8.L42.14,4071,,
Night Lights corr,MWSB.8.DL.8.L42.14,4072A,,
Bypass Relays,MWSB.8.DL.8.L42.14,,,
Night Lights corr,MWSB.8.DL.8.L42.15,4009,,
Night Lights corr,MWSB.8.DL.8.L42.15,4072,,
Lights corr,MWSB.8.DL.8.L42.16,4009,,
Lights corr,MWSB.8.DL.8.L42.16,4072,,
Lights,MWSB.8.DL.8.L42.17,4005,,
Lights,MWSB.8.DL.8.L42.18,4014,,
Lights,MWSB.8.DL.8.L42.19,4016,,
Flood Light Teachers Entrance,MWSB.8.DL.8.L42.20,,400W Floodlight Sensor Controlled,
Fan F-46,MWSB.8.DL.8.L42.27,,,X
Fan F-46,MWSB.8.DL.8.L42.29,,,X
Fan F-46,MWSB.8.DL.8.L42.31,,,X
Outlets (Copier),MWSB.8.DL.8.L42.34.T2.L2.1,4076,Copier RM4076,
Outlets corr,MWSB.8.DL.8.L42.34.T2.L2.2,4072,,
Water Cooler corr,MWSB.8.DL.8.L42.34.T2.L2.2,4072,,
Outlet corr,MWSB.8.DL.8.L42.34.T2.L2.2,4073,,
Water Cooler corr,MWSB.8.DL.8.L42.34.T2.L2.2,4073,,
Hand Dryer,MWSB.8.DL.8.L42.34.T2.L2.3,4073,,
Outlets,MWSB.8.DL.8.L42.34.T2.L2.4,4074,,
Outlets,MWSB.8.DL.8.L42.34.T2.L2.5,4074,,
Outlets,MWSB.8.DL.8.L42.34.T2.L2.6,4074,,
Outlets,MWSB.8.DL.8.L42.34.T2.L2.7,4075,,
Outlets,MWSB.8.DL.8.L42.34.T2.L2.8,4075,,
Outlets,MWSB.8.DL.8.L42.34.T2.L2.9,4075,,
Outlets Center bench (South),MWSB.8.DL.8.L42.34.T2.L2.10,4075,,
Outlets Center bench (North),MWSB.8.DL.8.L42.34.T2.L2.11,4075,,
Outlets,MWSB.8.DL.8.L42.34.T2.L2.12,4076,,
Outlets,MWSB.8.DL.8.L42.34.T2.L2.13,4077,,
Roof Condenser for Tutor Room,MWSB.8.DL.8.L42.34.T2.L2.14,,,
Roof Fan F-44,MWSB.8.DL.8.L42.34.T2.L2.15,,,
Roof Condenser for Tutor Room,MWSB.8.DL.8.L42.34.T2.L2.16,,,
Roof Outlets ACCU4,MWSB.8.DL.8.L42.34.T2.L2.17,,,
Roof Outlets ACCU5,MWSB.8.DL.8.L42.34.T2.L2.17,,,
Roof Condenser for Tutor Room,MWSB.8.DL.8.L42.34.T2.L2.18,,,
Lights,MWSB.8.DL.9.L4GB.3,1052,,
Lights,MWSB.8.DL.9.L4GB.3,1053,,
Lights cafeteria,MWSB.8.DL.9.L4GB.4,1088,,
Lights cafeteria,MWSB.8.DL.9.L4GB.5,1088,,
Lights cafeteria,MWSB.8.DL.9.L4GB.5,1091,,
Lights cafeteria,MWSB.8.DL.9.L4GB.5,1092A,,
Lights cafeteria,MWSB.8.DL.9.L4GB.5,1097A,,
Lights cafeteria,MWSB.8.DL.9.L4GB.5,1097B,1097B corridor,
Lights Corr,MWSB.8.DL.9.L4GB.5,,,
Lights,MWSB.8.DL.9.L4GB.12,1078,,
Lights,MWSB.8.DL.9.L4GB.12,1079,,
Lights,MWSB.8.DL.9.L4GB.12,1081,,
Lights,MWSB.8.DL.9.L4GB.12,1082,,
Lights,MWSB.8.DL.9.L4GB.12,1089,,
Lights TV Studio,MWSB.8.DL.9.L4GB.15,1101,,
Lights Small office,MWSB.8.DL.9.L4GB.15,1098,,
Roof Fan F-50,MWSB.8.DL.9.L4GB.17,,,X
Roof Fan F-50,MWSB.8.DL.9.L4GB.19,,,X
Roof Fan F-50,MWSB.8.DL.9.L4GB.21,,,X
Roof Fan F-51,MWSB.8.DL.9.L4GB.23.TGB.LGB.1,,,X
Roof Fan F-54,MWSB.8.DL.9.L4GB.23.TGB.LGB.1,,,X
Roof Fan F-55,MWSB.8.DL.9.L4GB.23.TGB.LGB.1,,,X
Outlets,MWSB.8.DL.9.L4GB.23.TGB.LGB.2,1104,,
Outlets corr,MWSB.8.DL.9.L4GB.23.TGB.LGB.2,,,
Outlets Tele,MWSB.8.DL.9.L4GB.23.TGB.LGB.3,1156,,
Outlets,MWSB.8.DL.9.L4GB.23.TGB.LGB.4,1100,,
Outlets,MWSB.8.DL.9.L4GB.23.TGB.LGB.5,1100,,
Outlets,MWSB.8.DL.9.L4GB.23.TGB.LGB.6,1100,,
Outlets,MWSB.8.DL.9.L4GB.23.TGB.LGB.7,1098,,
Outlets,MWSB.8.DL.9.L4GB.23.TGB.LGB.8,1098,,
Outlets,MWSB.8.DL.9.L4GB.23.TGB.LGB.9,1101,,
Outlets,MWSB.8.DL.9.L4GB.23.TGB.LGB.10,1081,,
Outlets,MWSB.8.DL.9.L4GB.23.TGB.LGB.11,1082,,
Outlets,MWSB.8.DL.9.L4GB.23.TGB.LGB.12,1079,,
Outlets,MWSB.8.DL.9.L4GB.23.TGB.LGB.12,1080,,
Outlets,MWSB.8.DL.9.L4GB.23.TGB.LGB.13,1094,,
Outlets,MWSB.8.DL.9.L4GB.23.TGB.LGB.13,1096,,
Outlets,MWSB.8.DL.9.L4GB.23.TGB.LGB.13,1096A,,
Outlets,MWSB.8.DL.9.L4GB.23.TGB.LGB.13,1099,,
Hand Dryer,MWSB.8.DL.9.L4GB.23.TGB.LGB.14,1094,,
Outlets,MWSB.8.DL.9.L4GB.23.TGB.LGB.15,1091,,
Outlets,MWSB.8.DL.9.L4GB.23.TGB.LGB.15,1097A,,
Outlets,MWSB.8.DL.9.L4GB.23.TGB.LGB.15,1097B,,
Outlets,MWSB.8.DL.9.L4GB.23.TGB.LGB.16,1093,,
Outlets,MWSB.8.DL.9.L4GB.23.TGB.LGB.17,1093,,
Outlets,MWSB.8.DL.9.L4GB.23.TGB.LGB.18,1092,,
Outlets,MWSB.8.DL.9.L4GB.23.TGB.LGB.18,1093,,
Outlets,MWSB.8.DL.9.L4GB.23.TGB.LGB.19,1092,,
Outlets,MWSB.8.DL.9.L4GB.23.TGB.LGB.20,1092A,,
Outlets,MWSB.8.DL.9.L4GB.23.TGB.LGB.21,1092A,,
Outlets,MWSB.8.DL.9.L4GB.23.TGB.LGB.22,1088,,
UV,MWSB.8.DL.9.L4GB.23.TGB.LGB.22,1088,,
Outlets Mezz,MWSB.8.DL.9.L4GB.23.TGB.LGB.23,2020,,
UV,MWSB.8.DL.9.L4GB.23.TGB.LGB.24,1088,,
UV,MWSB.8.DL.9.L4GB.23.TGB.LGB.25,1088,,
UV,MWSB.8.DL.9.L4GB.23.TGB.LGB.25,1092,,
UV,MWSB.8.DL.9.L4GB.23.TGB.LGB.26,1091,,
UV,MWSB.8.DL.9.L4GB.23.TGB.LGB.26,1093,,
Rooftop ACCU controls,MWSB.8.DL.9.L4GB.23.TGB.LGB.27,,,
Lights,MWSB.8.DL.9.L4GB.23.TGB.LGB.28,1100,,
Outlets roof,MWSB.8.DL.9.L4GB.23.TGB.LGB.29,,,
Lights,MWSB.8.DL.9.L4GB.23.TGB.LGB.30,1100,,
Outlets,MWSB.8.DL.9.L4GB.23.TGB.LGB.31,1093,,
Outlets,MWSB.8.DL.9.L4GB.23.TGB.LGB.32,1093,,
Rooftop ACCU controls,MWSB.8.DL.9.L4GB.23.TGB.LGB.33,,,
Water Cooler,MWSB.8.DL.9.L4GB.23.TGB.LGB.34,1088,,
Lights,MWSB.8.DL.9.L4GB.23.TGB.LGB.35,1100,,
Destratification fans,MWSB.8.DL.9.L4GB.23.TGB.LGB.36,1088,,
Handicap Door Operator cafeteria,MWSB.8.DL.9.L4GB.23.TGB.LGB.39,1088,,
Lights,MWSB.8.DL.10.L41C.1,3089,,
Lights,MWSB.8.DL.10.L41C.2,3090,,
Lights,MWSB.8.DL.10.L41C.3,3092,,
Lights,MWSB.8.DL.10.L41C.4,3098,,
Lights,MWSB.8.DL.10.L41C.5,3088,,
Lights,MWSB.8.DL.10.L41C.6,3087A,,
Lights,MWSB.8.DL.10.L41C.6,3087,,
Lights,MWSB.8.DL.10.L41C.7,3033,,
Lights,MWSB.8.DL.10.L41C.7,3031,,
Lights corr,MWSB.8.DL.10.L41C.8,,,
Night Lights corr,MWSB.8.DL.10.L41C.9,,,
Lights,MWSB.8.DL.10.L41C.10,3030,,
Lights,MWSB.8.DL.10.L41C.11,3029,,
Lights,MWSB.8.DL.10.L41C.12,3028,,
Lights,MWSB.8.DL.10.L41C.12,3103,,
Lights,MWSB.8.DL.10.L41C.13,3033,,
Roof Fan F-36,MWSB.8.DL.10.L41C.22.T1C.L1C.1,,,
Outlets,MWSB.8.DL.10.L41C.22.T1C.L1C.2,3063,,
Outlets,MWSB.8.DL.10.L41C.22.T1C.L1C.3,3057,,
Outlets,MWSB.8.DL.10.L41C.22.T1C.L1C.3,3060C,,
Outlets,MWSB.8.DL.10.L41C.22.T1C.L1C.4,3062,,
Outlets,MWSB.8.DL.10.L41C.22.T1C.L1C.5,3061,,
Outlets,MWSB.8.DL.10.L41C.22.T1C.L1C.6,3080,,
Outlets,MWSB.8.DL.10.L41C.22.T1C.L1C.7,3078,,
Outlets,MWSB.8.DL.10.L41C.22.T1C.L1C.8,3075,,
Outlets,MWSB.8.DL.10.L41C.22.T1C.L1C.8,3057,,
Outlets,MWSB.8.DL.10.L41C.22.T1C.L1C.9,3081,,
Outlets,MWSB.8.DL.10.L41C.22.T1C.L1C.10,3081,,
Outlets,MWSB.8.DL.10.L41C.22.T1C.L1C.10,3085,,
Outlets,MWSB.8.DL.10.L41C.22.T1C.L1C.11,3075,,
Outlets Copy Machine,MWSB.8.DL.10.L41C.22.T1C.L1C.12,3087,,
Outlets,MWSB.8.DL.10.L41C.22.T1C.L1C.13,3086,,
Outlets,MWSB.8.DL.10.L41C.22.T1C.L1C.14,3087,,
Hand Dryer,MWSB.8.DL.10.L41C.22.T1C.L1C.14,3077,,
Outlets,MWSB.8.DL.10.L41C.22.T1C.L1C.15,3088,,
Outlets,MWSB.8.DL.10.L41C.22.T1C.L1C.16,3088,,
Outlets,MWSB.8.DL.10.L41C.22.T1C.L1C.17,3088,,
Outlets,MWSB.8.DL.10.L41C.22.T1C.L1C.18,3089,,
Outlets,MWSB.8.DL.10.L41C.22.T1C.L1C.19,3089,,
Outlets,MWSB.8.DL.10.L41C.22.T1C.L1C.20,3089,,
Outlets,MWSB.8.DL.10.L41C.22.T1C.L1C.21,3090,,
Outlets,MWSB.8.DL.10.L41C.22.T1C.L1C.22,3090,,
Outlets,MWSB.8.DL.10.L41C.22.T1C.L1C.23,3090,,
Outlets,MWSB.8.DL.10.L41C.22.T1C.L1C.24,3092,,
Outlets,MWSB.8.DL.10.L41C.22.T1C.L1C.25,3092,,
Outlets,MWSB.8.DL.10.L41C.22.T1C.L1C.26,3092,,
Outlets,MWSB.8.DL.10.L41C.22.T1C.L1C.27,3033,,
Outlets,MWSB.8.DL.10.L41C.22.T1C.L1C.28,3033,,
Outlets,MWSB.8.DL.10.L41C.22.T1C.L1C.29,3033,,
Outlets,MWSB.8.DL.10.L41C.22.T1C.L1C.30,3033,,
Outlets,MWSB.8.DL.10.L41C.22.T1C.L1C.31,3033,,
Contactor Controls,MWSB.8.DL.10.L41C.22.T1C.L1C.31,,,
Outlets,MWSB.8.DL.10.L41C.22.T1C.L1C.32,3031,,
Outlets,MWSB.8.DL.10.L41C.22.T1C.L1C.33,3031,,
Hand Dryer,MWSB.8.DL.10.L41C.22.T1C.L1C.34,3095,,
Outlets,MWSB.8.DL.10.L41C.22.T1C.L1C.35,3097,,
Outlets,MWSB.8.DL.10.L41C.22.T1C.L1C.35,3047,,
Outlets,MWSB.8.DL.10.L41C.22.T1C.L1C.35,3093,,
Outlets,MWSB.8.DL.10.L41C.22.T1C.L1C.35,309,309?,
Outlets water coolers,MWSB.8.DL.10.L41C.22.T1C.L1C.35,3047,,
Hand Dryer,MWSB.8.DL.10.L41C.22.T1C.L1C.36,3084,,
Outlets,MWSB.8.DL.10.L41C.22.T1C.L1C.37,3077,,
Outlets,MWSB.8.DL.10.L41C.22.T1C.L1C.37,3084,,
Outlets,MWSB.8.DL.10.L41C.22.T1C.L1C.37,3085,,
Hand Dryer,MWSB.8.DL.10.L41C.22.T1C.L1C.39,3094,,
Hand Dryer,MWSB.8.DL.10.L41C.22.T1C.L1C.41,3093,,
Hand Dryer,MWSB.8.DL.10.L41C.22.T1C.L1CA.1,3085,,
UV,MWSB.8.DL.10.L41C.22.T1C.L1CA.2,3088,,
UV,MWSB.8.DL.10.L41C.22.T1C.L1CA.3,3089,,
UV,MWSB.8.DL.10.L41C.22.T1C.L1CA.3,3090,,
UV,MWSB.8.DL.10.L41C.22.T1C.L1CA.4,3092,,
Rizzo Machine,MWSB.8.DL.10.L41C.22.T1C.L1CA.5,3035,,
Telepole,MWSB.8.DL.10.L41C.22.T1C.L1CA.6,3037,,
Telepole,MWSB.8.DL.10.L41C.22.T1C.L1CA.8,3037,,
Lights Exterior soffit (East),MWSB.8.DL.10.L41C.22.T1C.L1CA.9,,,
Timeclock,MWSB.8.DL.10.L41C.22.T1C.L1CA.9,3097A,,
Telepole,MWSB.8.DL.10.L41C.22.T1C.L1CA.10,3037,,
Telepole,MWSB.8.DL.10.L41C.22.T1C.L1CA.12,3037,,
Telepole,MWSB.8.DL.10.L41C.22.T1C.L1CA.14,3037,,
Telepole,MWSB.8.DL.10.L41C.22.T1C.L1CA.16,3037,,
Telepole,MWSB.8.DL.10.L41C.22.T1C.L1CA.18,3037,,
Lights Dishwashing Area,MWSB.8.DL.12.LGB.1,,,
Lights Storage ,MWSB.8.DL.12.LGB.2,,,
Lights Paper Storage Room,MWSB.8.DL.12.LGB.2,,,
Fan Exhaust F-55,MWSB.8.DL.12.LGB.4,,,
Fan Exhaust F-56,MWSB.8.DL.12.LGB.9,,,
Lights Southern Cafeteria (East),MWSB.8.DL.12.LGB.5.TLGC.LGC-Left.1,,,
Lights Southern Cafeteria (High Hats),MWSB.8.DL.12.LGB.5.TLGC.LGC-Left.2,,,
Lights Southern Cafeteria (High Hats),MWSB.8.DL.12.LGB.5.TLGC.LGC-Left.3,,,
Lights Southern Cafeteria (East),MWSB.8.DL.12.LGB.5.TLGC.LGC-Left.4,,,
Lights Cafeteria Center Mezz South),MWSB.8.DL.12.LGB.5.TLGC.LGC-Left.5,,,
Lights Southern Cafeteria (High Hats),MWSB.8.DL.12.LGB.5.TLGC.LGC-Left.6,,,
Lights Southern Cafeteria (High Hats),MWSB.8.DL.12.LGB.5.TLGC.LGC-Left.7,,,
Lights (Cafeteria Center Mezz South),MWSB.8.DL.12.LGB.5.TLGC.LGC-Left.8,,,
Lights Southern Cafeteria (West),MWSB.8.DL.12.LGB.5.TLGC.LGC-Left.9,,,
Lights Southern Cafeteria (West),MWSB.8.DL.12.LGB.5.TLGC.LGC-Left.10,,,
Lights Northern Cafeteria (East),MWSB.8.DL.12.LGB.5.TLGC.LGC-Left.11,,,
Lights Northern Cafeteria (East),MWSB.8.DL.12.LGB.5.TLGC.LGC-Left.12,,,
Lights Northern Cafeteria (High Hats),MWSB.8.DL.12.LGB.5.TLGC.LGC-Left.13,,,
Lights Northern Cafeteria (High Hats),MWSB.8.DL.12.LGB.5.TLGC.LGC-Left.14,,,
Lights Northern Cafeteria (High Hats),MWSB.8.DL.12.LGB.5.TLGC.LGC-Left.15,,,
Lights Northern Cafeteria (High Hats),MWSB.8.DL.12.LGB.5.TLGC.LGC-Left.16,,,
Lights (Cafeteria Center Mezz),MWSB.8.DL.12.LGB.5.TLGC.LGC-Left.17,,,
Lights Northern Cafeteria (West),MWSB.8.DL.12.LGB.5.TLGC.LGC-Left.18,,,
Lights (Cafeteria Center Mezz),MWSB.8.DL.12.LGB.5.TLGC.LGC-Left.19,,,
Lights (Cafeteria West),MWSB.8.DL.12.LGB.5.TLGC.LGC-Left.20,,,
Lights Cafeteria Main Vestibule,MWSB.8.DL.12.LGB.5.TLGC.LGC-Left.21,,,
Lights (Cafeteria Center Mezz North +ACY- South),MWSB.8.DL.12.LGB.5.TLGC.LGC-Left.22,,,
Lights (Cafeteria Center Mezz North +ACY- South),MWSB.8.DL.12.LGB.5.TLGC.LGC-Left.23,,,
Lights (Cafeteria Center Mezz South),MWSB.8.DL.12.LGB.5.TLGC.LGC-Left.24,,,
Lights (Cafeteria Center Mezz North),MWSB.8.DL.12.LGB.5.TLGC.LGC-Left.25,,,
Outlets Northern Cafeteria,MWSB.8.DL.12.LGB.5.TLGC.LGC-Left.26,,,
Outlets Northern Cafeteria ,MWSB.8.DL.12.LGB.5.TLGC.LGC-Left.27,,,
Outlets (South) Ice Cream Machine,MWSB.8.DL.12.LGB.5.TLGC.LGC-Left.28,,,
Outlets Southern Cafeteria ,MWSB.8.DL.12.LGB.5.TLGC.LGC-Left.29,,,
Lights Northern Serving Area,MWSB.8.DL.12.LGB.5.TLGC.LGC-Left.30,,,
Lights Deli,MWSB.8.DL.12.LGB.5.TLGC.LGC-Right.31,,,
Lights Serving Area (North),MWSB.8.DL.12.LGB.5.TLGC.LGC-Right.32,,,
Emergency Battery ,MWSB.8.DL.12.LGB.5.TLGC.LGC-Right.32,,,
Lights (South Serving Area),MWSB.8.DL.12.LGB.5.TLGC.LGC-Right.33,,,
Lights (South Serving Area),MWSB.8.DL.12.LGB.5.TLGC.LGC-Right.34,,,
Lights (South Serving Area),MWSB.8.DL.12.LGB.5.TLGC.LGC-Right.35,,,
Lights Mechanical Room,MWSB.8.DL.12.LGB.5.TLGC.LGC-Right.36,,,
Lights Kitchen Hood,MWSB.8.DL.12.LGB.5.TLGC.LGC-Right.37,,,
Lights Rail Outside Bridge +ACY- 2 under,MWSB.8.DL.12.LGB.5.TLGC.LGC-Right.38,,,
Amplifier Power Cafe,MWSB.8.DL.12.LGB.5.TLGC.LGC-Right.39,,,
Salad Cooler,MWSB.8.DL.12.LGB.5.TLGC.LGC-Right.40,,,
Salad Cooler,MWSB.8.DL.12.LGB.5.TLGC.LGC-Right.41,,,
Pump Hot Water Mechanical Room,MWSB.8.DL.12.LGB.5.TLGC.LGC-Right.42,,,
Outlets Center Mezzanine,MWSB.8.DL.12.LGB.5.TLGC.LGC-Right.43,,,
Outlets Crawlspace,MWSB.8.DL.12.LGB.5.TLGC.LGC-Right.44,,,
Outlets Duplex South,MWSB.8.DL.12.LGB.5.TLGC.LGC-Right.45,,,
Lights North Serving Area,MWSB.8.DL.12.LGB.5.TLGC.LGC-Right.46,,,
Incinerator,MWSB.8.DL.12.LGB.5.TLGC.LGC-Right.47,,,
Convection oven (Bottom),MWSB.8.DL.12.LGB.5.TLGC.LGC-Right.48,,,
Convection oven (Top),MWSB.8.DL.12.LGB.5.TLGC.LGC-Right.49,,,
Guidance Office,MWSB.8.DL.12.LGB.5.TLGC.LGC-Right.50,,,
Milk cooler (South),MWSB.8.DL.12.LGB.5.TLGC.LGC-Right.51,,,
Lights,MWSB.8.DL.13.L41B.1,3015,,
Lights,MWSB.8.DL.13.L41B.1,3015A,,
Lights,MWSB.8.DL.13.L41B.2,3014,,
Lights,MWSB.8.DL.13.L41B.3,3013,,
Lights,MWSB.8.DL.13.L41B.4,3012,,
Lights,MWSB.8.DL.13.L41B.5,3055,,
Lights,MWSB.8.DL.13.L41B.5,3055A,,
Lights,MWSB.8.DL.13.L41B.5,3055B,,
Lights,MWSB.8.DL.13.L41B.5,3056,,
Lights,MWSB.8.DL.13.L41B.5,3058,,
Lights,MWSB.8.DL.13.L41B.5,3059,,
Lights,MWSB.8.DL.13.L41B.5,3060,,
Lights,MWSB.8.DL.13.L41B.5,3054,,
Lights,MWSB.8.DL.13.L41B.6,3048,,
Lights,MWSB.8.DL.13.L41B.6,3048A,,
Lights,MWSB.8.DL.13.L41B.6,3049,,
Lights,MWSB.8.DL.13.L41B.6,3050,,
Lights,MWSB.8.DL.13.L41B.6,3051,,
Lights,MWSB.8.DL.13.L41B.6,3052,,
Lights,MWSB.8.DL.13.L41B.6,3076,,
Lights,MWSB.8.DL.13.L41B.6,3076A,,
Lights,MWSB.8.DL.13.L41B.7,3064,,
Lights,MWSB.8.DL.13.L41B.7,3065,,
Lights,MWSB.8.DL.13.L41B.7,3066,,
Lights,MWSB.8.DL.13.L41B.7,3067,,
Lights,MWSB.8.DL.13.L41B.7,3068,,
Lights,MWSB.8.DL.13.L41B.7,3069,,
Lights,MWSB.8.DL.13.L41B.7,3070,,
Lights,MWSB.8.DL.13.L41B.7,3071,,
Lights,MWSB.8.DL.13.L41B.7,3072,,
Lights,MWSB.8.DL.13.L41B.7,3073,,
Lights,MWSB.8.DL.13.L41B.7,3074,,
Lights,MWSB.8.DL.13.L41B.8,3044,,
Lights,MWSB.8.DL.13.L41B.8,3045,,
Lights,MWSB.8.DL.13.L41B.8,3130,,
Lights,MWSB.8.DL.13.L41B.9,3057,,
Lights,MWSB.8.DL.13.L41B.9,3078,,
Lights,MWSB.8.DL.13.L41B.9,3080,,
Lights,MWSB.8.DL.13.L41B.9,3061,,
Lights,MWSB.8.DL.13.L41B.9,3062,,
Lights,MWSB.8.DL.13.L41B.9,3063,,
Lights,MWSB.8.DL.13.L41B.11,3016A,,
Lights,MWSB.8.DL.13.L41B.11,3020,,
Lights,MWSB.8.DL.13.L41B.11,3021,,
Lights,MWSB.8.DL.13.L41B.11,3022,,
Lights,MWSB.8.DL.13.L41B.11,3023,,
Lights,MWSB.8.DL.13.L41B.12,3024,,
Lights,MWSB.8.DL.13.L41B.12,3025,,
Spare at Library,MWSB.8.DL.13.L41B.14,3037,,
Lights,MWSB.8.DL.13.L41B.15,3039,,
Lights,MWSB.8.DL.13.L41B.15,3040,,
Lights,MWSB.8.DL.13.L41B.15,3042,,
Roof Fan F-37,MWSB.8.DL.13.L41B.26.T1B.L1B.1,,,
Roof Fan F-39B,MWSB.8.DL.13.L41B.26.T1B.L1B.1,,,
Outlets,MWSB.8.DL.13.L41B.26.T1B.L1B.2,3013,,
Outlets,MWSB.8.DL.13.L41B.26.T1B.L1B.3,3013,,
Outlets,MWSB.8.DL.13.L41B.26.T1B.L1B.4,3013,,
Outlets,MWSB.8.DL.13.L41B.26.T1B.L1B.5,3015A,,
Outlets,MWSB.8.DL.13.L41B.26.T1B.L1B.6,3015,,
Outlets,MWSB.8.DL.13.L41B.26.T1B.L1B.8,3014,,
Outlets,MWSB.8.DL.13.L41B.26.T1B.L1B.9,3014,,
Outlets,MWSB.8.DL.13.L41B.26.T1B.L1B.10,3014,,
Copier,MWSB.8.DL.13.L41B.26.T1B.L1B.11,,,
Outlets corr,MWSB.8.DL.13.L41B.26.T1B.L1B.12,3026,,
Outlets corr,MWSB.8.DL.13.L41B.26.T1B.L1B.12,3046,,
Outlets,MWSB.8.DL.13.L41B.26.T1B.L1B.13,3048,,
Outlets,MWSB.8.DL.13.L41B.26.T1B.L1B.13,3048A,,
Outlets,MWSB.8.DL.13.L41B.26.T1B.L1B.13,3049,,
Outlets,MWSB.8.DL.13.L41B.26.T1B.L1B.14,3049,,
Outlets,MWSB.8.DL.13.L41B.26.T1B.L1B.15,3050,,
Outlets,MWSB.8.DL.13.L41B.26.T1B.L1B.16,3048A,,
Outlets,MWSB.8.DL.13.L41B.26.T1B.L1B.16,3050,,
Outlets,MWSB.8.DL.13.L41B.26.T1B.L1B.16,3076,,
Outlets,MWSB.8.DL.13.L41B.26.T1B.L1B.17,3048A,,
Outlets,MWSB.8.DL.13.L41B.26.T1B.L1B.17,3051,,
Outlets,MWSB.8.DL.13.L41B.26.T1B.L1B.17,3052,,
Outlets,MWSB.8.DL.13.L41B.26.T1B.L1B.18,3071,,
Outlets,MWSB.8.DL.13.L41B.26.T1B.L1B.19,3070,,
Outlets,MWSB.8.DL.13.L41B.26.T1B.L1B.20,3074,,
Outlets,MWSB.8.DL.13.L41B.26.T1B.L1B.21,3073,,
Outlets,MWSB.8.DL.13.L41B.26.T1B.L1B.22,3072,,
Outlets,MWSB.8.DL.13.L41B.26.T1B.L1B.23,3076,,
Outlets,MWSB.8.DL.13.L41B.26.T1B.L1B.23,3076B,,
Outlets,MWSB.8.DL.13.L41B.26.T1B.L1B.23,3054,,
Outlets,MWSB.8.DL.13.L41B.26.T1B.L1B.24,3076,,
Outlets,MWSB.8.DL.13.L41B.26.T1B.L1B.25,3069,,
Outlets,MWSB.8.DL.13.L41B.26.T1B.L1B.26,3068,,
Outlets,MWSB.8.DL.13.L41B.26.T1B.L1B.27,3067,,
Outlets,MWSB.8.DL.13.L41B.26.T1B.L1B.28,3054,,
Outlets,MWSB.8.DL.13.L41B.26.T1B.L1B.28,3055,,
Outlets,MWSB.8.DL.13.L41B.26.T1B.L1B.29,3055,,
Outlets,MWSB.8.DL.13.L41B.26.T1B.L1B.30,3055A,,
Outlets,MWSB.8.DL.13.L41B.26.T1B.L1B.30,3055B,,
Outlets,MWSB.8.DL.13.L41B.26.T1B.L1B.30,3060,,
Outlets Refrigerator,MWSB.8.DL.13.L41B.26.T1B.L1B.30,3066,3066 (Refrigerator),
Outlets,MWSB.8.DL.13.L41B.26.T1B.L1B.31,3059,,
Outlets,MWSB.8.DL.13.L41B.26.T1B.L1B.32,3066,,
Outlets Microwave,MWSB.8.DL.13.L41B.26.T1B.L1B.33,3050,,
Hand Dryer,MWSB.8.DL.13.L41B.26.T1B.L1B.34,3055A,,
Hand Dryer,MWSB.8.DL.13.L41B.26.T1B.L1B.35,3055B,,
Outlets Refrigerator,MWSB.8.DL.13.L41B.26.T1B.L1B.36,3050,3050 (Refrigerator),
Hand Dryer,MWSB.8.DL.13.L41B.26.T1B.L1B.37,3051,,
Hand Dryer,MWSB.8.DL.13.L41B.26.T1B.L1B.39,3052,,
Spare in duct chase level 4,MWSB.8.DL.13.L41B.26.T1B.L1B.41,,,
Lights,MWSB.8.DL.14.L41.2,3011,,
Lights,MWSB.8.DL.14.L41.3,3010,,
Lights,MWSB.8.DL.14.L41.4,3008,,
Lights,MWSB.8.DL.14.L41.4,3009,,
Lights,MWSB.8.DL.14.L41.4,3007A,,
Lights Night Corr,MWSB.8.DL.14.L41.5,3109,,
Lights Night Corr,MWSB.8.DL.14.L41.5,3106,,
Lights Night Corr,MWSB.8.DL.14.L41.6,3018,,
Lights Night Corr,MWSB.8.DL.14.L41.6,3019,,
Lights,MWSB.8.DL.14.L41.6,3109,,
Lights,MWSB.8.DL.14.L41.6,3108,,
Lights,MWSB.8.DL.14.L41.6,3107,,
Lights,MWSB.8.DL.14.L41.6,3106,,
Lights,MWSB.8.DL.14.L41.7,3126,,
Lights,MWSB.8.DL.14.L41.7,3128,,
Lights,MWSB.8.DL.14.L41.8,3127,,
Lights,MWSB.8.DL.14.L41.10,3125,,
Lights,MWSB.8.DL.14.L41.11,3124,,
Lights,MWSB.8.DL.14.L41.12,3114,,
Lights,MWSB.8.DL.14.L41.13,3113,,
Lights,MWSB.8.DL.14.L41.14,3112,,
Lights,MWSB.8.DL.14.L41.15,3110,,
Lights Night Corr,MWSB.8.DL.14.L41.16,3110,,
Exterior Lights TC-8,MWSB.8.DL.14.L41.19,,,
Timeclock Science Wing,MWSB.8.DL.14.L41.19,,,
F-42,MWSB.8.DL.14.L41.21,,,X
F-42,MWSB.8.DL.14.L41.23,,,X
F-42,MWSB.8.DL.14.L41.25,,,X
Outlets,MWSB.8.DL.14.L41.27.T1.L1.2,3025,,
Outlets,MWSB.8.DL.14.L41.27.T1.L1.3,3025,,
Outlets,MWSB.8.DL.14.L41.27.T1.L1.4,3025,,
Outlets,MWSB.8.DL.14.L41.27.T1.L1.5,3024,,
Outlets,MWSB.8.DL.14.L41.27.T1.L1.6,3024,,
Contactor Control,MWSB.8.DL.14.L41.27.T1.L1.6,,,
Outlets,MWSB.8.DL.14.L41.27.T1.L1.7,3024,,
Outlets,MWSB.8.DL.14.L41.27.T1.L1.8,3024,,
Outlets,MWSB.8.DL.14.L41.27.T1.L1.9,3024,,
Outlets,MWSB.8.DL.14.L41.27.T1.L1.10,3024,,
Outlets,MWSB.8.DL.14.L41.27.T1.L1.10,3025,,
Outlets,MWSB.8.DL.14.L41.27.T1.L1.11,3025,,
Outlets,MWSB.8.DL.14.L41.27.T1.L1.12,3024,,
Outlets,MWSB.8.DL.14.L41.27.T1.L1.13,3024,,
Outlets,MWSB.8.DL.14.L41.27.T1.L1.14,3020,,
Outlets,MWSB.8.DL.14.L41.27.T1.L1.15,3020,,
Outlets,MWSB.8.DL.14.L41.27.T1.L1.15,3023,,
Outlets Water Cooler Corridor,MWSB.8.DL.14.L41.27.T1.L1.16,3026,,
Outlets,MWSB.8.DL.14.L41.27.T1.L1.17,3021,,
Outlets,MWSB.8.DL.14.L41.27.T1.L1.17,3022,,
Outlets,MWSB.8.DL.14.L41.27.T1.L1.18,3018,,
Outlets,MWSB.8.DL.14.L41.27.T1.L1.18,3020,,
Outlets,MWSB.8.DL.14.L41.27.T1.L1.19,3019,,
Hand Dryer,MWSB.8.DL.14.L41.27.T1.L1.20,3017,,
Outlets,MWSB.8.DL.14.L41.27.T1.L1.21,3012,,
Outlets,MWSB.8.DL.14.L41.27.T1.L1.22,3012,,
Outlets,MWSB.8.DL.14.L41.27.T1.L1.23,3012,,
Outlets,MWSB.8.DL.14.L41.27.T1.L1.24,3011,,
Outlets,MWSB.8.DL.14.L41.27.T1.L1.25,3011,,
Outlets,MWSB.8.DL.14.L41.27.T1.L1.26,3011,,
Outlets,MWSB.8.DL.14.L41.27.T1.L1.27,3010,,
Outlets,MWSB.8.DL.14.L41.27.T1.L1.28,3010,,
Outlets,MWSB.8.DL.14.L41.27.T1.L1.29,3010,,
Outlets Corr,MWSB.8.DL.14.L41.27.T1.L1.30,3016,,
Hand Dryer,MWSB.8.DL.14.L41.27.T1.L1.31,3021,,
Hand Dryer,MWSB.8.DL.14.L41.27.T1.L1.33,3022,,
Cooktop,MWSB.8.DL.14.L41.27.T1.L1.39,3025,,
Outlets Dishwasher,MWSB.8.DL.14.L41.27.T1.L1.40,3025,,
Cooktop,MWSB.8.DL.14.L41.27.T1.L1.41,3025,,
Outlets Refrigerator,MWSB.8.DL.14.L41.27.T1.L1.42,3025,,
150 KVA theater dimmer,MWSB.9.AMDP.5,,,
Handicap Elevator,MWSB.9.AMDP.8,,,
75 KVA house dimmer,MWSB.9.AMDP.9,,,
RTU-6,MWSB.9.AMDP.3.HSHTA.1,,,
RTU-4,MWSB.9.AMDP.3.HSHTA.2,,,
RTU-3,MWSB.9.AMDP.3.HSHTA.3,,,
CUH ramp,MWSB.9.AMDP.3.HSHTA.5,3054,,
RTU-5,MWSB.9.AMDP.3.HSHTA.6,,,
CUH ramp,MWSB.9.AMDP.3.HSHTA.7,3050,,
CUH vest ,MWSB.9.AMDP.3.HSHTA.8,1038,,
CUH corr,MWSB.9.AMDP.3.HSHTA.9,1049,,
CUH vest,MWSB.9.AMDP.3.HSHTA.10,1038,,
Baseboard (BB) heat,MWSB.9.AMDP.3.HSHTA.13,1039,C1039,
Baseboard (BB) heat,MWSB.9.AMDP.3.HSHTA.13,1044,,
Baseboard (BB) heat,MWSB.9.AMDP.3.HSHTA.14,1048,C1048,
Baseboard (BB) heat,MWSB.9.AMDP.3.HSHTA.15,1040,C1040,
Baseboard (BB) heat,MWSB.9.AMDP.3.HSHTA.16,1048,C1048,
Baseboard (BB) heat,MWSB.9.AMDP.3.HSHTA.17,1047,C1047,
Baseboard (BB) heat,MWSB.9.AMDP.3.HSHTA.18,1048,C1048,
Baseboard (BB) heat CUH corr,MWSB.9.AMDP.3.HSHTA.19,1052,C1052,
Baseboard (BB) heat CUH corr,MWSB.9.AMDP.3.HSHTA.21,1053,C1053,
RTU-7,MWSB.9.AMDP.4.HSHTB.1,,,
CUH vest,MWSB.9.AMDP.4.HSHTB.2,1073,C1073,
CUH corr,MWSB.9.AMDP.4.HSHTB.3,1054,C1054,
CUH vest,MWSB.9.AMDP.4.HSHTB.4,1073,C1073,
RTU-8,MWSB.9.AMDP.4.HSHTB.5,,,
CUH ramp,MWSB.9.AMDP.4.HSHTB.6,3055,C3055,
Baseboard (BB) heat,MWSB.9.AMDP.4.HSHTB.9,1074,C1074,
Baseboard (BB) heat,MWSB.9.AMDP.4.HSHTB.9,1075,C1074,
Baseboard (BB) heat,MWSB.9.AMDP.4.HSHTB.9,1076,C1076,
Baseboard (BB) heat,MWSB.9.AMDP.4.HSHTB.10,1078,C1078,
Baseboard (BB) heat,MWSB.9.AMDP.4.HSHTB.10,1080,C1080,
Baseboard (BB) heat,MWSB.9.AMDP.4.HSHTB.10,1082,C1082,
Baseboard (BB) heat,MWSB.9.AMDP.4.HSHTB.10,1084,C1084,
CUH corr,MWSB.9.AMDP.4.HSHTB.11,1055,C1055,
Baseboard (BB) heat Stage,MWSB.9.AMDP.4.HSHTB.12,1066,C1066,
CUH corr,MWSB.9.AMDP.4.HSHTB.13,1056,C1056,
Baseboard (BB) heat Stage,MWSB.9.AMDP.4.HSHTB.14,1066,C1066,
CUH corr,MWSB.9.AMDP.4.HSHTB.15,1057,C1057,
Baseboard (BB) heat Stage,MWSB.9.AMDP.4.HSHTB.16,1066,C1066,
Baseboard (BB) heat,MWSB.9.AMDP.4.HSHTB.17,1069,C1069,
Theatre Arts Lights,MWSB.9.AMDP.4.HSHLB.1,,,
Lights Corr,MWSB.9.AMDP.4.HSHLB.2,1054,CC corr C1054,
Theatre Arts Lights,MWSB.9.AMDP.4.HSHLB.3,,,
Lights Corr,MWSB.9.AMDP.4.HSHLB.4,1049,CC corr C1049,
Theatre Arts Lights,MWSB.9.AMDP.4.HSHLB.5,,,
Lights (Hall lighting pipe),MWSB.9.AMDP.4.HSHLB.6,,,
Lights Mezzanine,MWSB.9.AMDP.4.HSHLB.7,,,
Lights Costume Room,MWSB.9.AMDP.4.HSHLB.8,,,
Lights Props Room,MWSB.9.AMDP.4.HSHLB.8,,,
Lights Custodian Room,MWSB.9.AMDP.4.HSHLB.8,,,
Lights Coat Rm +IBw-B+IB0- Electric Rm,MWSB.9.AMDP.4.HSHLB.10,,,
Lights Coat +ACY- Closet,MWSB.9.AMDP.4.HSHLA.3,,,
Lights,MWSB.9.AMDP.4.HSHLA.4,1040,CC C1040,
Lights,MWSB.9.AMDP.4.HSHLA.4,1044,CC C1044,
Lights,MWSB.9.AMDP.4.HSHLA.4,1045,CC C1045,
Lights,MWSB.9.AMDP.4.HSHLA.4,1046,CC C1046,
Lights,MWSB.9.AMDP.4.HSHLA.4,1047,CC C1047,
Lights Music,MWSB.9.AMDP.4.HSHLA.5,1048,CC Music 1124,
Lights,MWSB.9.AMDP.4.HSHLA.6,1044,CC C1044,
Lights,MWSB.9.AMDP.4.HSHLA.6,1045,CC C1045,
Lights,MWSB.9.AMDP.4.HSHLA.6,1046,CC C1046,
Lights,MWSB.9.AMDP.4.HSHLA.6,1047,CC C1047,
Lights,MWSB.9.AMDP.4.HSHLA.7,1048,CC Music-1048,
Lights Main Entrance,MWSB.9.AMDP.4.HSHLA.8,,,
Lights Control Room,MWSB.9.AMDP.4.HSHLA.9,,,
Lights Corr Indirect,MWSB.9.AMDP.4.HSHLA.10,1049,CC Indirect corr C1049,
Ticket Office Constant Feed,MWSB.9.AMDP.4.HSHLA.11,,CC Ticket Office constant feed 1109,
Lights Corr Indirect,MWSB.9.AMDP.4.HSHLA.12,1050,CC Indirect corr C1050,
Lights (Grid),MWSB.9.AMDP.4.HSHLA.13,,,
Heaters T.V.,MWSB.9.AMDP.4.HSHLA.14,,,
T.V. Dept Store Rm.,MWSB.9.AMDP.4.HSHLA.15,,,
Lights Power Room,MWSB.9.AMDP.4.HSHLA.16,,,
Outlets,MWSB.9.AMDP.10.TTV.HSLAsec1.1,1051,CC Corr TV C1051,
Outlets Corridor ,MWSB.9.AMDP.10.TTV.HSLAsec1.2,,,
Outlets Auditorium,MWSB.9.AMDP.10.TTV.HSLAsec1.2,,,
Outlets,MWSB.9.AMDP.10.TTV.HSLAsec1.3,1051,CC Corr TV C1051,
Outlets Corridor ,MWSB.9.AMDP.10.TTV.HSLAsec1.4,,,
Outlets Auditorium,MWSB.9.AMDP.10.TTV.HSLAsec1.4,,,
Outlets,MWSB.9.AMDP.10.TTV.HSLAsec1.5,1051,CC Corr TV C1051,
Outlets Corridor,MWSB.9.AMDP.10.TTV.HSLAsec1.6,,,
Outlets Auditorium,MWSB.9.AMDP.10.TTV.HSLAsec1.6,,,
Outlets Coat Room,MWSB.9.AMDP.10.TTV.HSLAsec1.7,,,
Outlets Upper Studio ,MWSB.9.AMDP.10.TTV.HSLAsec1.7,,,
Outlets Conf,MWSB.9.AMDP.10.TTV.HSLAsec1.8,,,
Outlets Prac,MWSB.9.AMDP.10.TTV.HSLAsec1.8,,,
Roof Fan F-29,MWSB.9.AMDP.10.TTV.HSLAsec1.9,,,X
Roof Fan F-30,MWSB.9.AMDP.10.TTV.HSLAsec1.9,,,X
Outlets Instrument Room,MWSB.9.AMDP.10.TTV.HSLAsec1.10,,,
Fan F-33,MWSB.9.AMDP.10.TTV.HSLAsec1.11,,,X
Fan F-36,MWSB.9.AMDP.10.TTV.HSLAsec1.11,,,X
Outlets Instrument Room,MWSB.9.AMDP.10.TTV.HSLAsec1.12,,,
Lights Aisle Sound Room Side,MWSB.9.AMDP.10.TTV.HSLAsec1.13,,,
Lights Outside Wall,MWSB.9.AMDP.10.TTV.HSLAsec1.14,,,
Exit Lights Corr,MWSB.9.AMDP.10.TTV.HSLAsec1.15,1051,CC Exit cor 1051,
Lights Front Entry,MWSB.9.AMDP.10.TTV.HSLAsec1.16,,,
Lights Wall,MWSB.9.AMDP.10.TTV.HSLAsec1.16,,,
Lights Ramp (Type B Lights),MWSB.9.AMDP.10.TTV.HSLAsec1.17,3050,CC Ramp 3050,
Outlets (Collins Center),MWSB.9.AMDP.10.TTV.HSLAsec1.17,,,
Lights Entry Pole,MWSB.9.AMDP.10.TTV.HSLAsec1.18,,,
Lights Ramp,MWSB.9.AMDP.10.TTV.HSLAsec1.19,3054,CC Ramp 3054,
Lights Ramp (val),MWSB.9.AMDP.10.TTV.HSLAsec1.19,3055,CC Ramp 3055,
Outlets Sound Room,MWSB.9.AMDP.10.TTV.HSLAsec1.20,,,
Lights Stairway,MWSB.9.AMDP.10.TTV.HSLAsec1.21,1059,CC Stairway 1059,
Outlets Ramp,MWSB.9.AMDP.10.TTV.HSLAsec1.22,3054,CC Ramp 3054,
Outlet Men+IBk-s Room,MWSB.9.AMDP.10.TTV.HSLAsec1.22,,,
Outlet Cust. Closet,MWSB.9.AMDP.10.TTV.HSLAsec1.22,,,
Contactor Control,MWSB.9.AMDP.10.TTV.HSLAsec1.23,,,
Outlet Amplifier Sound Rm.,MWSB.9.AMDP.10.TTV.HSLAsec1.24,,,
Motorized Partition,MWSB.9.AMDP.10.TTV.HSLAsec2.25,,,
Motorized Partition,MWSB.9.AMDP.10.TTV.HSLAsec2.27,,,
Typing Room Recording,MWSB.9.AMDP.10.TTV.HSLAsec2.29,,,
Toilets,MWSB.9.AMDP.10.TTV.HSLAsec2.30,1041,CC Bathroom 1041,
Toilets,MWSB.9.AMDP.10.TTV.HSLAsec2.30,1043,CC Bathroom 1043,
Toilets,MWSB.9.AMDP.10.TTV.HSLAsec2.30,1061,CC Bathroom 1061,
Outlet Auditorium Projection,MWSB.9.AMDP.10.TTV.HSLAsec2.31,,,
Firemen's Control Panel,MWSB.9.AMDP.10.TTV.HSLAsec2.32,,110V,
Lights Catwalk (Type P),MWSB.9.AMDP.10.TTV.HSLAsec2.33,,,
Pump Emergency Sprinkler,MWSB.9.AMDP.10.TTV.HSLAsec2.34,,,
Lights Catwalk (Main),MWSB.9.AMDP.10.TTV.HSLAsec2.35,,,
Fan F-36,MWSB.9.AMDP.10.TTV.HSLAsec2.36,,,X
Electric Water Cooler,MWSB.9.AMDP.10.TTV.HSLAsec2.36,1049,,
Outlets Catwalk (Main),MWSB.9.AMDP.10.TTV.HSLAsec2.37,,,
Fan F-36,MWSB.9.AMDP.10.TTV.HSLAsec2.38,,,X
Outlets (Follow Light/+IBw-Lite Pole+IB0-),MWSB.9.AMDP.10.TTV.HSLAsec2.39,,,
Lights Catwalk (Main),MWSB.9.AMDP.10.TTV.HSLAsec2.41,,,
T.V. Office,MWSB.9.AMDP.10.TTV.HSLAsec2.42,,,
Lights Catwalk (Main),MWSB.9.AMDP.10.TTV.HSLAsec2.43,,,
Stage Fire Curtains Control Unit,MWSB.9.AMDP.10.TTV.HSLAsec2.44,,,
Outlets (Follow Light/+IBw-Lite Pole+IB0-),MWSB.9.AMDP.10.TTV.HSLAsec2.45,,,
ICI repeater above ceiling,MWSB.9.AMDP.10.TTV.HSLAsec2.46,C02,,
Fire Alarm feed,MWSB.9.AMDP.10.TTV.HSLAsec2.47,,,
Outlet 5 Wire 50 Amp,MWSB.9.AMDP.10.TTV.HSLAsec2.49,,,
